timestamp,t_s,soc_meas,soc_sim,p_meas_W,p_pred_W,v_meas_V,v_sim_V,i_meas_A,i_sim_A
2023-12-18 00:00:00,0.0,0.07,0.07,0.091728428544,0.33755827845057973,3.682136,3.0082289390721124,0.024912,0.11221163192276709
2023-12-18 00:00:10,10.0,0.07,0.06994722389682867,0.0927881964,0.33742964746897575,3.6820999999999997,3.0082138109284102,0.0252,0.11216943630906165
2023-12-18 00:00:20,20.0,0.07,0.06989443422747202,0.09043315671999999,0.3377154940947624,3.6821800000000002,3.008189386251165,0.02456,0.11226536987275006
2023-12-18 00:00:30,30.0,0.07,0.0698416007824423,0.08807811704,0.33800134072054916,3.6822600000000003,3.00816495245411,0.02392,0.11236130533493485
2023-12-18 00:00:40,40.0,0.07,0.06978872220785183,0.08572307736,0.33828718734633584,3.68234,3.0081405090882587,0.023280000000000002,0.11245724271332787
2023-12-18 00:00:50,50.0,0.07,0.06973579850279908,0.08336803767999999,0.3385730339721226,3.6824199999999996,3.0081160561663567,0.02264,0.11255318200841535
2023-12-18 00:01:00,60.0,0.07,0.06968282966638231,0.081012998,0.33885888059790925,3.6825,3.00809159370115,0.022,0.1126491232206732
2023-12-18 00:01:10,70.0,0.07,0.06962981569769956,0.07865795832,0.339144727223696,3.68258,3.0080671217053876,0.021359999999999997,0.11274506635058726
2023-12-18 00:01:20,80.0,0.07,0.06957675659584861,0.07630291864,0.33943057384948266,3.68266,3.0080426401918237,0.02072,0.11284101139863971
2023-12-18 00:01:30,90.0,0.07,0.06952365243880672,0.07394787896,0.3397164204752694,3.68274,3.0080181492000597,0.02008,0.11293695836430258
2023-12-18 00:01:40,100.0,0.07,0.06947050792837867,0.07159283928,0.3400022671010561,3.6828200000000004,3.0079936503429203,0.019440000000000002,0.11303290718791983
2023-12-18 00:01:50,110.0,0.07,0.06941732979279994,0.06923779960000001,0.3402881137268428,3.6829,3.007969145920367,0.0188,0.11312885778378635
2023-12-18 00:02:00,120.0,0.07,0.06936412324353078,0.06326653621252856,0.3582794548865483,3.6840769714285715,3.0075473096786007,0.01717494285714286,0.11912678937204442
2023-12-18 00:02:10,130.0,0.07,0.06931089309972993,0.04475587793035709,0.34064542200907616,3.686907142857143,3.007924937826295,0.012139285714285715,0.11324930942433978
2023-12-18 00:02:20,140.0,0.07,0.06925764378825466,0.04554337782321423,0.34064542200907616,3.6867642857142853,3.007906841009727,0.012353571428571429,0.11324999077921022
2023-12-18 00:02:30,150.0,0.07,0.06920437934366075,0.04633087771607139,0.34064542200907616,3.6866214285714287,3.007888745183049,0.012567857142857141,0.11325067210501157
2023-12-18 00:02:40,160.0,0.07,0.0691511034082025,0.04711837760892851,0.34064542200907616,3.6864785714285717,3.007870651585977,0.012782142857142857,0.11325135335506067
2023-12-18 00:02:50,170.0,0.07,0.0690978192318327,0.04790587750178567,0.34064542200907616,3.686335714285714,3.0078525613233844,0.012996428571428572,0.11325203448775431
2023-12-18 00:03:00,180.0,0.07,0.06904452967220268,0.048693377394642814,0.34064542200907616,3.6861928571428573,3.007834475365525,0.013210714285714287,0.11325271546655877
2023-12-18 00:03:10,190.0,0.07,0.06899123719466224,0.04948087728749996,0.34064542200907616,3.6860500000000003,3.0078163945482626,0.013425000000000001,0.11325339625999284
2023-12-18 00:03:20,200.0,0.07,0.06893794387225977,0.05026837718035711,0.34064542200907616,3.6859071428571424,3.0077983195732934,0.013639285714285715,0.11325407684163052
2023-12-18 00:03:30,210.0,0.07,0.0688846513857421,0.05105587707321424,0.34064542200907616,3.685764285714286,3.007780251008378,0.013853571428571429,0.11325475719008081
2023-12-18 00:03:40,220.0,0.07,0.06883136102355458,0.051843376966071386,0.34064542200907616,3.685621428571429,3.007762189287563,0.014067857142857142,0.11325543728899676
2023-12-18 00:03:50,230.0,0.07,0.06877807368184113,0.05263087685892852,0.34064542200907616,3.685478571428571,3.0077441347114093,0.014282142857142858,0.11325611712705223
2023-12-18 00:04:00,240.0,0.07,0.06872478986444414,0.053418376751785665,0.34064542200907616,3.6853357142857144,3.0077260874472174,0.014496428571428572,0.11325679669793122
2023-12-18 00:04:10,250.0,0.07,0.06867150968290449,0.05420587664464281,0.34064542200907616,3.6851928571428574,3.0077080475292526,0.014710714285714285,0.11325747600034049
2023-12-18 00:04:20,260.0,0.07,0.06861823285646163,0.05499337653749996,0.34064542200907616,3.6850499999999995,3.0076900148589703,0.014924999999999999,0.11325815503797955
2023-12-18 00:04:30,270.0,0.07,0.06856495871205347,0.0557808764303571,0.34064542200907616,3.684907142857143,3.0076719892052433,0.015139285714285716,0.11325883381953651
2023-12-18 00:04:40,280.0,0.07,0.06851168618431647,0.056568376323214244,0.34064542200907616,3.684764285714286,3.0076539702045793,0.015353571428571428,0.11325951235869783
2023-12-18 00:04:50,290.0,0.07,0.0684584138155856,0.05735587621607139,0.34064542200907616,3.684621428571428,3.0076359573613547,0.015567857142857144,0.11326019067411437
2023-12-18 00:05:00,300.0,0.07,0.06840513975589431,0.05814337610892852,0.34064542200907616,3.6844785714285715,3.007617950048033,0.01578214285714286,0.11326086878941438
2023-12-18 00:05:10,310.0,0.07,0.06835186022893719,0.05893087600178568,0.34064542200907616,3.6843357142857145,3.0075999469871286,0.01599642857142857,0.11326154675269232
2023-12-18 00:05:20,320.0,0.07,0.06829853861372459,0.05971837589464281,0.34064542200907616,3.6841928571428566,3.0075819358103635,0.016210714285714287,0.11326222502972047
2023-12-18 00:05:30,330.0,0.07,0.06824518018349747,0.06050587578749996,0.34064542200907616,3.68405,3.007563918310228,0.016425000000000002,0.11326290355300693
2023-12-18 00:05:40,340.0,0.07,0.06819180900077026,0.0612933756803571,0.34064542200907616,3.683907142857143,3.0075459026181273,0.016639285714285714,0.1132635820163345
2023-12-18 00:05:50,350.0,0.07,0.06813844578391758,0.06208087557321425,0.34064542200907616,3.683764285714285,3.0075278957261835,0.01685357142857143,0.11326426015637027
2023-12-18 00:06:00,360.0,0.07,0.06808510790717424,0.0628683754660714,0.34064542200907616,3.6836214285714286,3.007509903489161,0.01706785714285714,0.11326493775261784
2023-12-18 00:06:10,370.0,0.07,0.06803180940063527,0.06365587535892853,0.34064542200907616,3.6834785714285716,3.007491930626389,0.017282142857142857,0.11326561462731059
2023-12-18 00:06:20,380.0,0.07,0.06797856095025591,0.06444337525178569,0.34064542200907616,3.6833357142857137,3.0074739807236943,0.017496428571428572,0.11326629064538406
2023-12-18 00:06:30,390.0,0.07,0.06792536989785153,0.0652308751446428,0.34064542200907616,3.683192857142857,3.0074560562353234,0.017710714285714284,0.11326696571436896
2023-12-18 00:06:40,400.0,0.07,0.06787224024109774,0.060530625635357126,0.3582545330082756,3.684547142857143,3.0070428066506585,0.016429285714285716,0.11913848789113436
2023-12-18 00:06:50,410.0,0.07,0.06781917263353036,0.055788515999999996,0.33625347436415703,3.686824,3.007518879120624,0.015132000000000001,0.11180427717297546
2023-12-18 00:07:00,420.0,0.07,0.06776616438454537,0.056667636,0.33662100136373185,3.6865040000000002,3.0074927857438185,0.015372,0.11192745098488198
2023-12-18 00:07:10,430.0,0.07,0.06771320945939896,0.057546756,0.3369885283633067,3.686184,3.007466715997723,0.015612000000000001,0.11205062605372981
2023-12-18 00:07:20,440.0,0.07,0.06766029847920751,0.058425876,0.33735605536288155,3.685864,3.0074406667079945,0.015851999999999998,0.11217380249504881
2023-12-18 00:07:30,450.0,0.07,0.06760741872094762,0.059304996,0.33772358236245636,3.685544,3.007414633580078,0.016092000000000002,0.11229698046671498
2023-12-18 00:07:40,460.0,0.07,0.06755455411745606,0.060184115999999996,0.3380911093620312,3.6852240000000003,3.0073886112010437,0.016332,0.11242016016912741
2023-12-18 00:07:50,470.0,0.07,0.06750168525742978,0.061063236,0.338458636361606,3.6849040000000004,3.007362593041412,0.016572,0.11254334184536209
2023-12-18 00:08:00,480.0,0.07,0.06744878938542595,0.061942356,0.3388261633611808,3.684584,3.007336571456998,0.016812,0.11266652578132566
2023-12-18 00:08:10,490.0,0.07,0.06739584040186196,0.062821476,0.33919369036075564,3.684264,3.007310537690749,0.017052,0.11278971230593875
2023-12-18 00:08:20,500.0,0.07,0.06734280886301533,0.063700596,0.33956121736033046,3.6839439999999994,3.0072844818746045,0.017292000000000002,0.11291290179127646
2023-12-18 00:08:30,510.0,0.07,0.06728967601893562,0.064579716,0.3399287443599053,3.6836240000000005,3.0072583977419685,0.017532,0.11303609447566723
2023-12-18 00:08:40,520.0,0.07,0.0672365004363623,0.06545883599999999,0.3402962713594801,3.6833039999999997,3.0072323049705996,0.017772,0.11315928962222545
2023-12-18 00:08:50,530.0,0.07,0.06718329437893959,0.056528538441176446,0.34017131217962465,3.686453976470588,3.007217265671997,0.015334517647058824,0.1131183024461679
2023-12-18 00:09:00,540.0,0.07,0.06713006029745384,0.05684022794117642,0.34064542200907616,3.6864411764705878,3.007188771755236,0.015419117647058824,0.11327703309102603
2023-12-18 00:09:10,550.0,0.07,0.06707680214612943,0.05845625735294113,0.34064542200907616,3.6858529411764707,3.007170921182591,0.01586029411764706,0.11327770550372111
2023-12-18 00:09:20,560.0,0.07,0.06702352538262887,0.06007228676470584,0.34064542200907616,3.6852647058823527,3.0071530704142324,0.016301470588235296,0.11327837793177178
2023-12-18 00:09:30,570.0,0.07,0.0669702369680528,0.06168831617647054,0.34064542200907616,3.684676470588235,3.0071352217854197,0.01674264705882353,0.11327905028721158
2023-12-18 00:09:40,580.0,0.07,0.06691694536693989,0.06330434558823525,0.34064542200907616,3.684088235294117,3.007117378131565,0.017183823529411765,0.11327972246321948
2023-12-18 00:09:50,590.0,0.07,0.06686379941378076,0.06499041617647054,0.34064542200907616,3.683776470588235,3.0070995892605428,0.01764264705882353,0.1132803925834858
2023-12-18 00:10:00,600.0,0.07,0.06681072355703721,0.1043421,0.3335620151747875,3.687,3.0072408871663385,0.0283,0.11091961957496933
2023-12-18 00:10:10,610.0,0.07,0.06676328001832682,0.288323406,0.26993968006092545,3.687,3.0086529200352095,0.0782,0.08972111015642253
2023-12-18 00:10:20,620.0,0.07,0.06672612239150422,0.25624650839999996,0.203989861470416,3.687,3.0101192348015857,0.06949999999999999,0.0677680336087592
2023-12-18 00:10:30,630.0,0.07,0.06668522736500881,0.1961484024,0.32075351888489784,3.687,3.007486507968486,0.053200000000000004,0.10665169005248769
2023-12-18 00:10:40,640.0,0.07,0.06663784059650144,0.18766830210000002,0.28655315690843364,3.687,3.0082383003040727,0.0509,0.09525613608451883
2023-12-18 00:10:50,650.0,0.07,0.06659181363628251,0.2278566063,0.30221188278833827,3.687,3.0078715238824403,0.0618,0.10047366730552716
2023-12-18 00:11:00,660.0,0.07,0.06654934843963828,0.1498878984,0.24306192145839997,3.6835,3.0091843870619694,0.0407,0.08077335589784491
2023-12-18 00:11:10,670.0,0.07,0.06650924225817798,0.3466639193655172,0.26557013436435106,3.6841999999999997,3.0086661785743902,0.09406724137931036,0.0882683948972297
2023-12-18 00:11:20,680.0,0.07,0.0664617936644267,1.0402107672413792,0.34064542200907616,3.687,3.006965225319436,0.2821293103448276,0.11328545443118163
2023-12-18 00:11:30,690.0,0.07,0.0664086072733325,1.2048543879310345,0.34064542200907616,3.687,3.0069474743098334,0.3267844827586207,0.11328612319284406
2023-12-18 00:11:40,700.0,0.07,0.0663554397475572,1.3694980086206896,0.34064542200907616,3.687,3.0069297355883124,0.37143965517241384,0.11328679149944466
2023-12-18 00:11:50,710.0,0.07,0.0663043574007977,0.710853625,0.31320016113993954,3.687,3.007528983607881,0.1928,0.10413870085608014
2023-12-18 00:12:00,720.0,0.07,0.06625267117818068,0.3993021143,0.33414384516695106,3.687,3.0070414836959882,0.1083,0.11112046407695174
2023-12-18 00:12:10,730.0,0.07,0.06620454838583559,0.5626317133,0.2888717302957004,3.6866999999999996,3.008041832110022,0.1526,0.09603314927740497
2023-12-18 00:12:20,740.0,0.07,0.06615618736918025,0.48299702299999997,0.32978398189326547,3.687,3.0071072467298494,0.131,0.10966818102410292
2023-12-18 00:12:30,750.0,0.07,0.06610694407496508,0.3605886033,0.30154456566522236,3.687,3.0077248978997826,0.0978,0.10025669763740161
2023-12-18 00:12:40,760.0,0.07,0.06605883904526416,0.0892200036,0.31150394092033246,3.6864,3.007485304444604,0.0242,0.10357621380891868
2023-12-18 00:12:50,770.0,0.07,0.06600737305377467,0.9951213400000001,0.3396818483568958,3.687,3.0068353984750873,0.2699,0.1129698847263667
2023-12-18 00:13:00,780.0,0.07,0.06595800299884068,0.2923692158,0.3043803914264947,3.6864,3.0076116939590807,0.07930000000000001,0.10120335415567683
2023-12-18 00:13:10,790.0,0.07,0.06590930251290397,0.0494058026,0.321663534206613,3.687,3.0072074425512607,0.0134,0.10696419862998117
2023-12-18 00:13:20,800.0,0.07,0.06585764209186229,0.83915683,0.34013994074891596,3.6866,3.006775295955932,0.22759999999999997,0.1131244962689402
2023-12-18 00:13:30,810.0,0.07,0.06580653354189414,0.498482425,0.31246563368376923,3.687,3.0073798239644236,0.13520000000000001,0.10389962424894549
2023-12-18 00:13:40,820.0,0.07,0.06575801753794545,0.39082201429999996,0.3067646304797994,3.687,3.007491713614249,0.10600000000000001,0.10200015816872877
2023-12-18 00:13:50,830.0,0.07,0.06571852429655657,0.33883530300000003,0.20483751956395368,3.687,3.009765369379579,0.09190000000000001,0.06805763719920001
2023-12-18 00:14:00,840.0,0.07,0.06568257420463915,0.059360702499999994,0.2622457137021636,3.687,3.0084659029879792,0.0161,0.08716924909858567
2023-12-18 00:14:10,850.0,0.07,0.06563434352181949,0.10461880049999998,0.3581239853113221,3.685,3.0062970435224905,0.0284,0.11912461747017081
2023-12-18 00:14:20,860.0,0.07,0.06559329065146292,0.1605788037,0.17443307584934797,3.683,3.010405385649902,0.0436,0.05794338419697008
2023-12-18 00:14:30,870.0,0.07,0.0655746970212194,0.20475243360323883,0.06415165672882284,3.683,3.0128685157206556,0.05559392712550607,0.021292551066892432
2023-12-18 00:14:40,880.0,0.07,0.0655648951063978,0.1607025607287449,0.06391380639311782,3.683,3.0128706025611978,0.0436336032388664,0.021213591562406035
2023-12-18 00:14:50,890.0,0.07,0.06555490453610252,0.15667660931174085,0.06408114899991006,3.683,3.012863562229146,0.042540485829959514,0.0212691838433245
2023-12-18 00:15:00,900.0,0.07,0.06554488601615326,0.1526506578947368,0.0642484916067023,3.683,3.0128565128528964,0.041447368421052636,0.021324776448068378
2023-12-18 00:15:10,910.0,0.07,0.06553484152801534,0.14862470647773277,0.06441583421349455,3.683,3.012849455087803,0.04035425101214575,0.021380369372494216
2023-12-18 00:15:20,920.0,0.07,0.06552477088827112,0.1445987550607287,0.06458317682028679,3.683,3.0128423888749003,0.039261133603238865,0.02143596261747977
2023-12-18 00:15:30,930.0,0.07,0.0655146740967697,0.14057280364372465,0.06475051942707903,3.683,3.0128353142156916,0.03816801619433198,0.02149155618349307
2023-12-18 00:15:40,940.0,0.07,0.06550455115335996,0.1365468522267206,0.06491786203387127,3.683,3.0128282311116856,0.0370748987854251,0.021547150070988935
2023-12-18 00:15:50,950.0,0.07,0.06549440205789055,0.13252090080971657,0.06508520464066352,3.683,3.0128211395643967,0.03598178137651822,0.021602744280425457
2023-12-18 00:16:00,960.0,0.07,0.0654841523132714,0.1284949493927125,0.06525254724745577,3.683,3.0128140150056426,0.03488866396761133,0.0216583389888844
2023-12-18 00:16:10,970.0,0.07,0.06547394751957372,0.12446899797570846,0.06541988985424801,3.683,3.012806905458665,0.03379554655870445,0.02171393385208923
2023-12-18 00:16:20,980.0,0.07,0.0654635143748649,0.12044304655870439,0.07089873297728141,3.683,3.0126808786326214,0.03270242914979757,0.02353343611005411
2023-12-18 00:16:30,990.0,0.07,0.06545105171967093,0.11641709514170037,0.0909542488904255,3.683,3.012227950086991,0.03160931174089069,0.030195008610753537
2023-12-18 00:16:40,1000.0,0.07,0.06543528041680059,0.1123911437246963,0.11100976480357039,3.683,3.0117737925454375,0.030516194331983805,0.036858599765474766
2023-12-18 00:16:50,1010.0,0.07,0.06541637401002323,0.10836519230769226,0.131065280716715,3.683,3.011318462111169,0.029423076923076923,0.04352421783540736
2023-12-18 00:17:00,1020.0,0.07,0.06539415070522885,0.1043392408906882,0.1511207966298596,3.683,3.010861897679877,0.028329959514170038,0.0501918725486251
2023-12-18 00:17:10,1030.0,0.07,0.06535952164547222,0.13145297391885677,0.28580517940880185,3.6854999999999998,3.007830118367294,0.035663796061209084,0.0950203861792389
2023-12-18 00:17:20,1040.0,0.07,0.06531094499081587,0.20875294161864405,0.33789680072352546,3.687,3.0066442149532637,0.05661864406779661,0.11238336715831795
2023-12-18 00:17:30,1050.0,0.07,0.06525818646751727,0.2493724326355932,0.33814445441295776,3.687,3.006621172089634,0.06763559322033899,0.11246659790463187
2023-12-18 00:17:40,1060.0,0.07,0.06520514875880926,0.402764141538983,0.3343606648564919,3.687,3.006688612877197,0.10923898305084745,0.11120561784298826
2023-12-18 00:17:50,1070.0,0.07,0.06516160544197157,0.3362544053,0.25105911997301456,3.687,3.008544453543499,0.09119999999999999,0.08344869881424487
2023-12-18 00:18:00,1080.0,0.07,0.06512148344423917,0.1467426026,0.26489779344460934,3.687,3.0082206541833285,0.0398,0.08805796645144304
2023-12-18 00:18:10,1090.0,0.07,0.06507884321352714,0.2676762132,0.2770814745436914,3.687,3.0079331039959234,0.0726,0.09211690053066461
2023-12-18 00:18:20,1100.0,0.07,0.06503123445220683,0.39524641429999996,0.33429522627350944,3.687,3.0066325299536176,0.1072,0.11118592742647881
2023-12-18 00:18:30,1110.0,0.07,0.06498309022855753,0.18840570429999998,0.28812361562534855,3.687,3.0076535822914594,0.0511,0.09579680895491748
2023-12-18 00:18:40,1120.0,0.07,0.06493214939171041,0.1017568013,0.33962468849059435,3.6866,3.006480025308828,0.027600000000000003,0.11296422581610766
2023-12-18 00:18:50,1130.0,0.07,0.06488013825450337,1.06996745,0.32256621919444295,3.687,3.006846079124984,0.2902,0.10727726352002546
2023-12-18 00:19:00,1140.0,0.07,0.06482999118591039,0.45976891599999997,0.3256005105176563,3.687,3.0067613520158636,0.1247,0.1082894424924546
2023-12-18 00:19:10,1150.0,0.07,0.0647833237422562,0.3421536053,0.2781658486683611,3.687,3.0078112001695256,0.09280000000000001,0.0924811532893704
2023-12-18 00:19:20,1160.0,0.07,0.06474298482429992,0.1600158023,0.23754153224781427,3.687,3.008709623493886,0.0434,0.07895129872053618
2023-12-18 00:19:30,1170.0,0.07,0.06470303757073755,0.0379761015,0.2823483528126739,3.687,3.0076908260685906,0.0103,0.09387545766522
2023-12-18 00:19:40,1180.0,0.07,0.06465746335208696,0.1344295024,0.299100394296424,3.683,3.007299643834201,0.0365,0.09945812846074971
2023-12-18 00:19:50,1190.0,0.07,0.06460733240069112,0.04874490193333329,0.340498867546495,3.683133333333333,3.0063531155465277,0.013233333333333333,0.11325977171001804
2023-12-18 00:20:00,1200.0,0.07,0.06455439242773367,0.05701562908484843,0.34023240488725653,3.6833757575757575,3.006341641502239,0.015475757575757577,0.11317157045306499
2023-12-18 00:20:10,1210.0,0.07,0.06450116419051158,0.0652863562363636,0.339965942228018,3.6836181818181815,3.0063300784619553,0.01771818181818182,0.11308337187044508
2023-12-18 00:20:20,1220.0,0.07,0.06444798925782107,0.07355708338787874,0.3396994795687795,3.6838606060606063,3.006318539089072,0.01996060606060606,0.11299517171979533
2023-12-18 00:20:30,1230.0,0.07,0.06439485581579778,0.08182781053939389,0.33943301690954103,3.68410303030303,3.0063070194712065,0.0222030303030303,0.11290697015012358
2023-12-18 00:20:40,1240.0,0.07,0.06434176386510868,0.09009853769090906,0.3391665542503025,3.684345454545454,3.0062955195922845,0.024445454545454545,0.11281876716374765
2023-12-18 00:20:50,1250.0,0.07,0.06428871319033687,0.09836926484242418,0.33890009159106405,3.684587878787879,3.0062840393651147,0.026687878787878788,0.11273056276566433
2023-12-18 00:21:00,1260.0,0.07,0.06423569522524118,0.10663999199393934,0.3386336289318255,3.684830303030303,3.006272575954279,0.02893030303030303,0.11264235706382535
2023-12-18 00:21:10,1270.0,0.07,0.06418269509527644,0.1149107191454545,0.33836716627258706,3.685072727272727,3.0062611244528155,0.031172727272727276,0.11255415024341159
2023-12-18 00:21:20,1280.0,0.07,0.06412970356428485,0.0490327023,0.33901610770976587,3.6866,3.0062291087285566,0.013300000000000001,0.11277121451769512
2023-12-18 00:21:30,1290.0,0.07,0.06407671762926245,0.98074204,0.33991089455290585,3.687,3.00619157467264,0.266,0.11307027050992903
2023-12-18 00:21:40,1300.0,0.07,0.06402560975570477,0.41921192000000007,0.31269467987977934,3.687,3.0067863473171856,0.1137,0.1039963082707186
2023-12-18 00:21:50,1310.0,0.07,0.0639771491959121,0.32924910929999995,0.3062591492196392,3.687,3.006915009038815,0.0893,0.10185161479424201
2023-12-18 00:22:00,1320.0,0.07,0.06393773306410103,0.3384666033,0.20497573709602876,3.687,3.009175656927618,0.0918,0.06811690657676944
2023-12-18 00:22:10,1330.0,0.07,0.06389974346210894,0.058623302499999995,0.282335930181904,3.687,3.0074269400063276,0.0159,0.09387956409717979
2023-12-18 00:22:20,1340.0,0.07,0.06385439758445578,0.1204517012,0.29992048498673596,3.6845999999999997,3.0070171137681294,0.0327,0.09974019888796279
2023-12-18 00:22:30,1350.0,0.07,0.06381406199372408,0.1620520027,0.21248712360901906,3.683,3.00896666185613,0.044000000000000004,0.07061797204424702
2023-12-18 00:22:40,1360.0,0.07,0.06378723710198704,0.2040382004,0.14216234168576253,3.683,3.010534745986352,0.05539999999999999,0.04722162462177086
2023-12-18 00:22:50,1370.0,0.07,0.06375028228143784,0.14636242,0.340179431472366,3.683,3.0060783216728426,0.03974,0.11316386170639096
2023-12-18 00:23:00,1380.0,0.07,0.06369701557629939,0.15339695,0.34064542200907616,3.683,3.006050372759356,0.04165,0.11331993139435625
2023-12-18 00:23:10,1390.0,0.07,0.06364370799750299,0.14971395,0.34064542200907616,3.683,3.0060328906993075,0.04065,0.11332059042435566
2023-12-18 00:23:20,1400.0,0.07,0.06359040057448649,0.14603095,0.34064542200907616,3.683,3.006015414596749,0.039650000000000005,0.11332124923743
2023-12-18 00:23:30,1410.0,0.07,0.06353709284160662,0.14234795,0.34064542200907616,3.683,3.005997944296836,0.038650000000000004,0.11332190783941183
2023-12-18 00:23:40,1420.0,0.07,0.06348378479896269,0.13866495,0.34064542200907616,3.683,3.005980479797488,0.03765,0.11332256623037933
2023-12-18 00:23:50,1430.0,0.07,0.06343047644665394,0.13498195,0.34064542200907616,3.683,3.005963021096629,0.03665,0.1133232244103909
2023-12-18 00:24:00,1440.0,0.07,0.06337715418493753,0.13129895,0.34064542200907616,3.683,3.005945563740431,0.03565,0.11332388254735741
2023-12-18 00:24:10,1450.0,0.07,0.06332380841347775,0.12761594999999998,0.34064542200907616,3.683,3.005928104589805,0.03465,0.11332454075962123
2023-12-18 00:24:20,1460.0,0.07,0.06327044747520204,0.12393295,0.34064542200907616,3.683,3.0059106463794505,0.03365,0.11332519894407822
2023-12-18 00:24:30,1470.0,0.07,0.06321707902920658,0.12024995000000001,0.34064542200907616,3.683,3.005893191616755,0.03265,0.11332585700620389
2023-12-18 00:24:40,1480.0,0.07,0.0631637100356958,0.11656694999999999,0.34064542200907616,3.683,3.0058757425772513,0.03165,0.11332651486019409
2023-12-18 00:24:50,1490.0,0.07,0.06311034675598241,0.11288395,0.34064542200907616,3.683,3.0058583013050084,0.03065,0.11332717242898062
2023-12-18 00:25:00,1500.0,0.07,0.06305699475248741,0.10920095,0.34064542200907616,3.683,3.005840869613016,0.02965,0.11332782964420067
2023-12-18 00:25:10,1510.0,0.07,0.06300365888874006,0.10551795,0.34064542200907616,3.683,3.005823449083579,0.02865,0.1133284864461794
2023-12-18 00:25:20,1520.0,0.07,0.0629503433293779,0.10183495000000001,0.34064542200907616,3.683,3.005806041068705,0.02765,0.11332914278392893
2023-12-18 00:25:30,1530.0,0.07,0.06289705154014677,0.049401402,0.33946893467199274,3.6866,3.0058150982311265,0.0134,0.1129373975371158
2023-12-18 00:25:40,1540.0,0.07,0.06284378628790077,0.9951213400000001,0.3396818483568958,3.687,3.0057929317343843,0.2699,0.1130090648529457
2023-12-18 00:25:50,1550.0,0.07,0.06279054964060227,0.49295192600000004,0.3129237260757894,3.687,3.0063770793322773,0.13369999999999999,0.10408665241197611
2023-12-18 00:26:00,1560.0,0.07,0.06273734296732192,0.3001218033,0.3012365380223122,3.687,3.006622392635644,0.0814,0.10019101126904043
2023-12-18 00:26:10,1570.0,0.07,0.06268416693823868,0.2960661043,0.20957184848009558,3.687,3.008663541559512,0.08030000000000001,0.06965612657753673
2023-12-18 00:26:20,1580.0,0.07,0.06263102152463974,0.0412944015,0.2827624299951642,3.687,3.007002869220959,0.0112,0.09403463923811403
2023-12-18 00:26:30,1590.0,0.07,0.0625779059989206,0.1204473012,0.29941500372657576,3.6841999999999997,3.0066114184262007,0.0327,0.0995855340306348
2023-12-18 00:26:40,1600.0,0.07,0.06252481893458504,0.21029930270000002,0.2129926048691793,3.683,3.0085350104843807,0.0571,0.07079611974829088
2023-12-18 00:26:50,1610.0,0.07,0.06247175820624511,0.1568958004,0.14169635114905232,3.683,3.0101170882079877,0.0426,0.047073368575644564
2023-12-18 00:27:00,1620.0,0.07,0.062418720989621104,0.1232226595085714,0.33883922914911085,3.683,3.005673398163575,0.03345714285714286,0.11273321624237016
2023-12-18 00:27:10,1630.0,0.07,0.06236570376154166,0.04881854366326526,0.338471820353062,3.683,3.005664414063083,0.013255102040816327,0.11261131441334707
2023-12-18 00:27:20,1640.0,0.07,0.06231270229994363,0.049570176193877505,0.33856530859633144,3.683,3.005645076910801,0.013459183673469387,0.11264314312996249
2023-12-18 00:27:30,1650.0,0.07,0.06225971168387219,0.05032180872448975,0.3386587968396009,3.683,3.005625748995288,0.01366326530612245,0.11267497190986137
2023-12-18 00:27:40,1660.0,0.07,0.06220672629348077,0.051073441255102006,0.33875228508287025,3.683,3.005606428484941,0.01386734693877551,0.11270680082143426
2023-12-18 00:27:50,1670.0,0.07,0.06215373981003109,0.051825073785714236,0.3388457733261397,3.683,3.0055871133235996,0.014071428571428572,0.11273862994156938
2023-12-18 00:28:00,1680.0,0.07,0.062100745215893136,0.05257670631632651,0.3389392615694091,3.683,3.005567801230918,0.014275510204081632,0.11277045935566578
2023-12-18 00:28:10,1690.0,0.07,0.06204773479454517,0.053328338846938717,0.33903274981267856,3.683,3.005548489702744,0.014479591836734692,0.11280228915761363
2023-12-18 00:28:20,1700.0,0.07,0.06199470013057376,0.05407997137755098,0.339126238055948,3.683,3.0055291760114953,0.014683673469387756,0.11283411944980437
2023-12-18 00:28:30,1710.0,0.07,0.061941632109673725,0.05483160390816322,0.33921972629921743,3.683,3.0055098572065386,0.014887755102040818,0.11286595034311411
2023-12-18 00:28:40,1720.0,0.07,0.06188853174567628,0.05558323643877548,0.33931321454248686,3.683,3.005490533625304,0.015091836734693878,0.1128977818250494
2023-12-18 00:28:50,1730.0,0.07,0.061835415884482256,0.056334868969387705,0.3394067027857563,3.683,3.005471210736719,0.01529591836734694,0.11292961369028211
2023-12-18 00:29:00,1740.0,0.07,0.06178228504913561,0.057086501499999956,0.3395001910290257,3.683,3.005451888713152,0.0155,0.11296144593230913
2023-12-18 00:29:10,1750.0,0.07,0.06172913923945913,0.0578381340306122,0.3395936792722951,3.683,3.0054325675572526,0.01570408163265306,0.11299327855101905
2023-12-18 00:29:20,1760.0,0.07,0.06167598042094709,0.05858976656122446,0.33968716751556455,3.683,3.0054132479082005,0.01590816326530612,0.11302511152234722
2023-12-18 00:29:30,1770.0,0.07,0.06162279564638568,0.04985524667959182,0.3399231206067722,3.685,3.0053907212072293,0.013530612244897957,0.11310446864966368
2023-12-18 00:29:40,1780.0,0.07,0.061569586998595924,0.5788546304000001,0.3400353730967627,3.6866,3.005370974756168,0.157,0.11314256241672417
2023-12-18 00:29:50,1790.0,0.07,0.06151835890876548,0.710853625,0.31320016113993954,3.687,3.005957886490193,0.1928,0.10419313009925057
2023-12-18 00:30:00,1800.0,0.07,0.06146756411117525,0.3993021143,0.33414384516695106,3.687,3.0054704852643432,0.1083,0.11117854818579698
2023-12-18 00:30:10,1810.0,0.07,0.061424413142017395,0.329249103,0.2138848669095816,3.687,3.0081589406658136,0.0893,0.07110158443364822
2023-12-18 00:30:20,1820.0,0.07,0.06138432987682894,0.11466570220000001,0.28856672920723353,3.687,3.006468352482987,0.0311,0.0959819613497371
2023-12-18 00:30:30,1830.0,0.07,0.06133861373444888,0.04015957079480517,0.295753495836547,3.687,3.0062920483145525,0.010892207792207792,0.09837816522262395
2023-12-18 00:30:40,1840.0,0.07,0.06128957523062323,0.0507920168506493,0.32988406967251166,3.687,3.0055087746731504,0.013775974025974025,0.10975980920514206
2023-12-18 00:30:50,1850.0,0.07,0.06123883271807703,0.06156571879870128,0.31855633037086495,3.687,3.0057471475078072,0.016698051948051948,0.1059824112733467
2023-12-18 00:31:00,1860.0,0.07,0.06118986576250316,0.0723394207467532,0.30722859106921807,3.687,3.0059860631533066,0.01962012987012987,0.10220559397635184
2023-12-18 00:31:10,1870.0,0.07,0.061142587713942716,0.08311312269480517,0.295900851767571,3.687,3.006225492731507,0.02254220779220779,0.0984293601670938
2023-12-18 00:31:20,1880.0,0.07,0.06109529644756806,0.09388682464285711,0.2845731124659242,3.687,3.0064648868542685,0.02546428571428571,0.09465372893933356
2023-12-18 00:31:30,1890.0,0.07,0.06104737379848692,0.10466052659090908,0.27324537316427744,3.687,3.0067040464486734,0.028386363636363633,0.0908787060326139
2023-12-18 00:31:40,1900.0,0.07,0.060998867797906156,0.11543422853896099,0.2619176338626303,3.687,3.006942987325491,0.031308441558441556,0.08710428996048039
2023-12-18 00:31:50,1910.0,0.07,0.060949824544373685,0.12620793048701293,0.2505898945609835,3.687,3.0071817246414407,0.034230519480519486,0.0833304793347219
2023-12-18 00:32:00,1920.0,0.07,0.060900288203778456,0.12722305290389607,0.25004268256227874,3.687,3.007178084822742,0.03450584415584416,0.08314861159179371
2023-12-18 00:32:10,1930.0,0.07,0.06085030100935046,0.1017568013,0.33962468849059435,3.6866,3.0051479767894826,0.027600000000000003,0.11301429783615162
2023-12-18 00:32:20,1940.0,0.07,0.06079990326166075,1.06996745,0.32256621919444295,3.687,3.0055154773664348,0.2902,0.10732475730821645
2023-12-18 00:32:30,1950.0,0.07,0.06074913332862141,0.45976891599999997,0.3256005105176563,3.687,3.0054308857357523,0.1247,0.1083373808604291
2023-12-18 00:32:40,1960.0,0.07,0.06069802764548558,0.3421536053,0.2781658486683611,3.687,3.0064810572728047,0.09280000000000001,0.09252206927945361
2023-12-18 00:32:50,1970.0,0.07,0.06064662071484743,0.1600158023,0.23754153224781427,3.687,3.007377428803116,0.0434,0.07898627221603823
2023-12-18 00:33:00,1980.0,0.07,0.060594945106642185,0.0379761015,0.2823483528126739,3.687,3.0063539174235423,0.0103,0.09391720355221772
2023-12-18 00:33:10,1990.0,0.07,0.06054303145814612,0.1344295024,0.299100394296424,3.683,3.0059606030509802,0.0365,0.09950243326304797
2023-12-18 00:33:20,2000.0,0.07,0.06049090847397655,0.23681690149999998,0.13616841089794376,3.683,3.00960317039792,0.0643,0.045244639637967585
2023-12-18 00:33:30,2010.0,0.07,0.06043860292609183,0.1937258007,0.21906551710389807,3.683,3.007725724917748,0.0526,0.07283427318157162
2023-12-18 00:33:40,2020.0,0.07,0.06038613965379137,0.1625025113080357,0.2953464903170573,3.683,3.0059946428102,0.04412232142857143,0.09825250055700467
2023-12-18 00:33:50,2030.0,0.07,0.060333541563715606,0.04865999617633924,0.3380109147507042,3.683,3.005018093739676,0.013212053571428569,0.11248215624886794
2023-12-18 00:34:00,2040.0,0.07,0.06028082962984605,0.04948209425669639,0.33813373560191035,3.683,3.0049984085906907,0.013435267857142857,0.11252376528228974
2023-12-18 00:34:10,2050.0,0.07,0.060228022893505234,0.05030419233705352,0.33825655645311653,3.683,3.0049786985676175,0.013658482142857142,0.11256537579263204
2023-12-18 00:34:20,2060.0,0.07,0.06017513846335675,0.05112629041741068,0.33837937730432266,3.683,3.004958969186262,0.01388169642857143,0.11260698757425987
2023-12-18 00:34:30,2070.0,0.07,0.060122191515405224,0.051948388497767804,0.3385021981555288,3.683,3.00493922533547,0.014104910714285716,0.11264860044473632
2023-12-18 00:34:40,2080.0,0.07,0.06006919529299633,0.05277048657812496,0.338625019006735,3.683,3.0049194712781344,0.014328125,0.1126902142448123
2023-12-18 00:34:50,2090.0,0.07,0.06001616110681679,0.0535925846584821,0.3387478398579411,3.683,3.0048997106522224,0.014551339285714287,0.11273182883844628
2023-12-18 00:35:00,2100.0,0.07,0.05996309833489438,0.05441468273883924,0.3388706607091473,3.683,3.004879946471793,0.01477455357142857,0.1127734441128135
2023-12-18 00:35:10,2110.0,0.07,0.0599100144225979,0.0552367808191964,0.3389934815603534,3.683,3.004860181128027,0.014997767857142857,0.11281505997829597
2023-12-18 00:35:20,2120.0,0.07,0.05985691488263721,0.05605887889955352,0.3391163024115596,3.683,3.00484041639026,0.015220982142857142,0.11285667636850528
2023-12-18 00:35:30,2130.0,0.07,0.05980380329506321,0.05688097697991068,0.33923912326276573,3.683,3.0048206534070037,0.015444196428571427,0.11289829324027212
2023-12-18 00:35:40,2140.0,0.07,0.0597506757566805,0.057703075060267804,0.33936194411397186,3.683,3.0048008909313495,0.015667410714285714,0.11293991064039743
2023-12-18 00:35:50,2150.0,0.07,0.059697360499347124,0.053540418486607136,0.34007766824431074,3.685,3.0047677302828584,0.014529464285714286,0.11317935320487943
2023-12-18 00:36:00,2160.0,0.07,0.05964475243970284,0.9951213400000001,0.3396818483568958,3.687,3.0047598175117862,0.2699,0.1130479202954008
2023-12-18 00:36:10,2170.0,0.07,0.059593986256826575,0.49295192600000004,0.3129237260757894,3.687,3.005345700660686,0.13369999999999999,0.10412237301252658
2023-12-18 00:36:20,2180.0,0.07,0.05954689350931561,0.3001218033,0.3012365380223122,3.687,3.0055935739688064,0.0814,0.1002253067850874
2023-12-18 00:36:30,2190.0,0.07,0.05950592694371444,0.2960661043,0.20957184848009558,3.687,3.0076409971037243,0.08030000000000001,0.06967980842191909
2023-12-18 00:36:40,2200.0,0.07,0.05946369994242663,0.0412944015,0.2827624299951642,3.687,3.0059825299026537,0.0112,0.09406655799969692
2023-12-18 00:36:50,2210.0,0.07,0.05941811441230504,0.1204473012,0.29941500372657576,3.6841999999999997,3.0055934557086705,0.0327,0.09961926259783405
2023-12-18 00:37:00,2220.0,0.07,0.05937775000661871,0.21029930270000002,0.2129926048691793,3.683,3.007523342589023,0.0571,0.07081993408098515
2023-12-18 00:37:10,2230.0,0.07,0.059350363004203516,0.1568958004,0.14169635114905232,3.683,3.00911547661087,0.0426,0.04708903737673959
2023-12-18 00:37:20,2240.0,0.07,0.05931599730654842,0.2382901006,0.2957791370494735,3.683,3.005642681756118,0.06470000000000001,0.09840795076700938
2023-12-18 00:37:30,2250.0,0.07,0.05928693400167656,0.037360352,0.06998473219141971,3.683,3.0107038173622906,0.010144,0.023245306226350067
2023-12-18 00:37:40,2260.0,0.07,0.05927512596530388,0.038538912,0.0810096075404079,3.683,3.010452896592996,0.010464000000000001,0.026909441975353925
2023-12-18 00:37:50,2270.0,0.07,0.05926160551805868,0.039717472,0.09203448288939582,3.683,3.0102013905098737,0.010784,0.030574194530489932
2023-12-18 00:38:00,2280.0,0.07,0.059246360984852496,0.040896032,0.10305935823838375,3.683,3.0099492951364457,0.011104,0.03423956622954248
2023-12-18 00:38:10,2290.0,0.07,0.059229392073887444,0.042074592,0.11408423358737194,3.683,3.0096966101234113,0.011424,0.03790555938550012
2023-12-18 00:38:20,2300.0,0.07,0.05921069849228252,0.043253152,0.12510910893635985,3.683,3.00944333513871,0.011744000000000001,0.041572176314328926
2023-12-18 00:38:30,2310.0,0.07,0.05919027994606421,0.044431712,0.13613398428534804,3.683,3.0091894698675254,0.012064,0.04523941933485123
2023-12-18 00:38:40,2320.0,0.07,0.059168136140165146,0.045610272,0.14715885963433623,3.683,3.0089350140122884,0.012384000000000001,0.048907290768670605
2023-12-18 00:38:50,2330.0,0.07,0.05914426677842408,0.046788832,0.1581837349833239,3.683,3.00867996729268,0.012704000000000002,0.052575792940070254
2023-12-18 00:39:00,2340.0,0.07,0.05911867156358592,0.047967392,0.16920861033231233,3.683,3.008424329445633,0.013023999999999999,0.05624492817590508
2023-12-18 00:39:10,2350.0,0.07,0.05909135019730169,0.049145952,0.1802334856813,3.683,3.008168100225337,0.013344,0.059914698805493535
2023-12-18 00:39:20,2360.0,0.07,0.05906230238012856,0.050324512,0.19125836103028823,3.683,3.0079112794032343,0.013663999999999999,0.06358510716054899
2023-12-18 00:39:30,2370.0,0.07,0.05903151175539056,0.051503072,0.2022832363792764,3.683,3.0076538616702275,0.013984,0.06725615568905569
2023-12-18 00:39:40,2380.0,0.07,0.05899895266808329,0.052681632,0.21330811172826433,3.683,3.0073958387818096,0.014304,0.0709278469357309
2023-12-18 00:39:50,2390.0,0.07,0.05896500531553336,0.05386019200000001,0.22433298707725252,3.683,3.0071373313755463,0.014624000000000002,0.07460018028994718
2023-12-18 00:40:00,2400.0,0.07,0.05893105955724858,0.1295042560311475,0.20633122839174442,3.6854,3.007531038489474,0.035131003278688525,0.06860485419806929
2023-12-18 00:40:10,2410.0,0.07,0.05890554460150989,0.19326529131147538,0.12551243685348243,3.687,3.0093375457872877,0.05241803278688525,0.04170766321285203
2023-12-18 00:40:20,2420.0,0.07,0.05888744690879959,0.17738701201639342,0.10858139236306104,3.687,3.009711687319445,0.04811147540983607,0.0360770079142598
2023-12-18 00:40:30,2430.0,0.07,0.05885772437170853,0.1319946019,0.26532429325786955,3.687,3.0061818115780166,0.0358,0.08825956308963159
2023-12-18 00:40:40,2440.0,0.07,0.058815170600613274,0.0387047011,0.28154989925527013,3.6861999999999995,3.0058033927113152,0.010499999999999999,0.09366876753748768
2023-12-18 00:40:50,2450.0,0.07,0.058773828567485205,0.1963039032,0.24484218075248726,3.683,3.006615686683751,0.0533,0.08143447858563488
2023-12-18 00:41:00,2460.0,0.07,0.05873957874395652,0.1823825015,0.20332204503675452,3.685,3.0075379209884696,0.0495,0.06760415009827306
2023-12-18 00:41:10,2470.0,0.07,0.05870111097780839,0.11466570220000001,0.28856672920723353,3.687,3.0056093406590705,0.0311,0.09600939327130052
2023-12-18 00:41:20,2480.0,0.07,0.058655715549630685,0.039069000799999996,0.2951473615774626,3.6857999999999995,3.0054468892217043,0.0106,0.09820415148107946
2023-12-18 00:41:30,2490.0,0.07,0.05861640885314647,0.20146010369999998,0.20244801508085558,3.683,3.007518538295191,0.054700000000000006,0.0673139708045212
2023-12-18 00:41:40,2500.0,0.07,0.058578037603764226,0.33218630569999996,0.27858839940927627,3.6866,3.005794746755994,0.0901,0.09268377347120578
2023-12-18 00:41:50,2510.0,0.07,0.05853755984706056,0.1607532023,0.23708870528558743,3.687,3.0067150824789124,0.0436,0.0788530668127396
2023-12-18 00:42:00,2520.0,0.07,0.0584964632636784,0.1600114115,0.28280776156214243,3.6866,3.0056739736818128,0.04340000000000001,0.09409129667371074
2023-12-18 00:42:10,2530.0,0.07,0.05844864172681972,0.7480923230000001,0.3225135648965096,3.687,3.0047653599238187,0.2029,0.10733402654265414
2023-12-18 00:42:20,2540.0,0.07,0.05839929490207778,0.9272805399999999,0.3138886160854181,3.687,3.0049438376585096,0.2515,0.1044573985549093
2023-12-18 00:42:30,2550.0,0.07,0.05834917571601941,0.434697316,0.3338687264602493,3.687,3.004478203969766,0.1179,0.11112369729263434
2023-12-18 00:42:40,2560.0,0.07,0.05830256674320537,0.3362544053,0.25105911997301456,3.687,3.0063266047374544,0.09119999999999999,0.0835102611863221
2023-12-18 00:42:50,2570.0,0.07,0.058261748242171583,0.1467426026,0.26489779344460934,3.687,3.006002486231904,0.0398,0.08812294555906093
2023-12-18 00:43:00,2580.0,0.07,0.058218982985684356,0.038708701400000003,0.282002726217497,3.6866,3.005604204904414,0.010499999999999999,0.09382563604260787
2023-12-18 00:43:10,2590.0,0.07,0.05817520143486728,0.1808353022,0.2719976146734224,3.683,3.005815420078289,0.0491,0.09049045821527431
2023-12-18 00:43:20,2600.0,0.07,0.058141632043189374,0.1900428015,0.16335017196784532,3.683,3.0082467013198846,0.0516,0.05430078985748482
2023-12-18 00:43:30,2610.0,0.07,0.05811142817038576,0.2110359007,0.21906551710389807,3.683,3.0069854333498807,0.0573,0.07285220429546828
2023-12-18 00:43:40,2620.0,0.07,0.05807991730947078,0.2276658003,0.17652786847039798,3.6838,3.007931269148183,0.0618,0.058687467456789565
2023-12-18 00:43:50,2630.0,0.07,0.058041732313470575,0.1861935059,0.3097818091561847,3.687,3.004923052184122,0.0505,0.10309142822509886
2023-12-18 00:44:00,2640.0,0.07,0.05799671631741572,0.1201962016,0.2608949654301945,3.687,3.0060087335347374,0.032600000000000004,0.08679115350520351
2023-12-18 00:44:10,2650.0,0.07,0.057951332861621775,0.243710709,0.3205758867325621,3.687,3.004651499992507,0.0661,0.10669320110280867
2023-12-18 00:44:20,2660.0,0.07,0.05790351806282648,0.1039654039,0.2917667921421478,3.6865,3.005284789015106,0.028200000000000003,0.09708457355143425
2023-12-18 00:44:30,2670.0,0.07,0.05785817630803462,0.2509338012,0.2881543915895478,3.6824,3.005351754759933,0.0681,0.09588042102997334
2023-12-18 00:44:40,2680.0,0.07,0.05781582621186387,0.2119898,0.25616202897469026,3.6740000000000004,3.00605808592562,0.057699999999999994,0.08521526253070273
2023-12-18 00:44:50,2690.0,0.07,0.05777583994234135,0.310453003,0.2504556081345484,3.6740000000000004,3.0061738114561463,0.08449999999999999,0.08331374825370745
2023-12-18 00:45:00,2700.0,0.07,0.05773912295863514,0.24468839999999997,0.21886806348664797,3.6740000000000004,3.0068724470771815,0.0666,0.07278927435029646
2023-12-18 00:45:10,2710.0,0.07,0.05770020999732381,0.3181106991336544,0.28827599337793725,3.674001625526791,3.00529916641087,0.0865842865743528,0.09592256125443109
2023-12-18 00:45:20,2720.0,0.07,0.057651211634062255,0.38495255689343766,0.3379012744032473,3.6740230282962067,3.004166598659124,0.10477739313666465,0.11247754187602828
2023-12-18 00:45:30,2730.0,0.07,0.0575983005843121,0.3839908591210114,0.3379095561222931,3.6740501204093916,3.0041497121584793,0.10451550270921132,0.1124809308786089
2023-12-18 00:45:40,2740.0,0.07,0.05754538750438016,0.38302916134858517,0.3379178378413389,3.674077212522577,3.004132830586923,0.10425361228175797,0.11248431973472832
2023-12-18 00:45:50,2750.0,0.07,0.05749247283032821,0.3820674635761589,0.3379261195603847,3.6741043046357618,3.004115954080527,0.10399172185430464,0.11248770843927453
2023-12-18 00:46:00,2760.0,0.07,0.057439556562227545,0.3811057658037327,0.33793440127943053,3.674131396748946,3.0040990826377283,0.1037298314268513,0.11249109699228364
2023-12-18 00:46:10,2770.0,0.07,0.05738663870014942,0.3801440680313064,0.33794268299847635,3.674158488862131,3.0040822162569656,0.10346794099939796,0.11249448539379506
2023-12-18 00:46:20,2780.0,0.07,0.05733371924416512,0.3791823702588802,0.3379509647175222,3.6741855809753154,3.0040653549366767,0.10320605057194461,0.11249787364384492
2023-12-18 00:46:30,2790.0,0.07,0.05728079819434586,0.37822067248645397,0.33795924643656794,3.6742126730885003,3.004048498675301,0.10294416014449129,0.11250126174247914
2023-12-18 00:46:40,2800.0,0.07,0.05722787555076287,0.3772589747140277,0.33796752815561376,3.6742397652016856,3.004031647471278,0.10268226971703794,0.11250464968972732
2023-12-18 00:46:50,2810.0,0.07,0.057174951313487356,0.3762972769416014,0.3379758098746596,3.6742668573148705,3.004014801323047,0.10242037928958458,0.11250803748563544
2023-12-18 00:47:00,2820.0,0.07,0.057122025482590495,0.37533557916917515,0.3379840915937054,3.6742939494280558,3.0039979602290474,0.10215848886213126,0.11251142513023954
2023-12-18 00:47:10,2830.0,0.07,0.057069098058143454,0.37437388139674893,0.33799237331275117,3.6743210415412397,3.0039811241877192,0.10189659843467791,0.11251481262357906
2023-12-18 00:47:20,2840.0,0.07,0.05701616904021738,0.37341218362432266,0.338000655031797,3.674348133654425,3.0039642931975026,0.10163470800722456,0.11251819996569339
2023-12-18 00:47:30,2850.0,0.07,0.056963238428883414,0.37245048585189644,0.3380089367508428,3.6743752257676094,3.003947467256838,0.10137281757977121,0.11252158715661861
2023-12-18 00:47:40,2860.0,0.07,0.056910306224212656,0.37148878807947017,0.33801721846988864,3.6744023178807943,3.0039306463641666,0.10111092715231788,0.11252497419639414
2023-12-18 00:47:50,2870.0,0.07,0.0568573724262762,0.37052709030704395,0.3380255001889344,3.674429409993979,3.0039138305179294,0.10084903672486453,0.11252836108506263
2023-12-18 00:48:00,2880.0,0.07,0.056804437035145115,0.3695653925346177,0.3380337819079802,3.6744565021071645,3.0038970197165678,0.1005871462974112,0.11253174782265692
2023-12-18 00:48:10,2890.0,0.07,0.05675150005089047,0.36860369476219146,0.33804206362702605,3.6744835942203493,3.0038802139585226,0.10032525586995786,0.11253513440922294
2023-12-18 00:48:20,2900.0,0.07,0.05669856147358329,0.3676419969897652,0.33805034534607187,3.6745106863335337,3.0038634132422364,0.10006336544250452,0.11253852084479349
2023-12-18 00:48:30,2910.0,0.07,0.05664562130329461,0.3666802992173389,0.3380586270651177,3.6745377784467186,3.003846617566151,0.09980147501505117,0.11254190712940801
2023-12-18 00:48:40,2920.0,0.07,0.05659267954009542,0.36571860144491264,0.33806690878416346,3.674564870559904,3.003829826928709,0.09953958458759783,0.11254529326310911
2023-12-18 00:48:50,2930.0,0.07,0.05653973618405671,0.3647569036724864,0.3380751905032093,3.6745919626730883,3.0038130413283533,0.0992776941601445,0.11254867924592961
2023-12-18 00:49:00,2940.0,0.07,0.05648679123524944,0.3637952059000602,0.3380834722222551,3.674619054786273,3.0037962607635267,0.09901580373269116,0.11255206507791217
2023-12-18 00:49:10,2950.0,0.07,0.05643384469374456,0.36283350812763393,0.3380917539413009,3.674646146899458,3.003779485232672,0.0987539133052378,0.11255545075909947
2023-12-18 00:49:20,2960.0,0.07,0.056380896559612995,0.3618718103552077,0.3381000356603467,3.6746732390126433,3.003762714734233,0.09849202287778447,0.1125588362895243
2023-12-18 00:49:30,2970.0,0.07,0.05632794683292566,0.36091011258278144,0.3381083173793925,3.674700331125828,3.003745949266654,0.09823013245033112,0.112562221669226
2023-12-18 00:49:40,2980.0,0.07,0.05627499551375345,0.3599484148103552,0.33811659909843833,3.6747274232390126,3.0037291888283777,0.09796824202287778,0.11256560689824728
2023-12-18 00:49:50,2990.0,0.07,0.05622204260216723,0.35898671703792895,0.33812488081748415,3.674754515352197,3.00371243341785,0.09770635159542444,0.11256899197661761
2023-12-18 00:50:00,3000.0,0.07,0.05616908809823786,0.3580250192655027,0.33813316253653,3.674781607465382,3.003695683033515,0.0974444611679711,0.11257237690438623
2023-12-18 00:50:10,3010.0,0.07,0.056116132002036204,0.3570633214930764,0.33814144425557574,3.674808699578567,3.003678937673817,0.09718257074051775,0.11257576168158925
2023-12-18 00:50:20,3020.0,0.07,0.056063174313633155,0.3561016237206502,0.33814972597462156,3.674835791691752,3.0036621973372015,0.09692068031306442,0.11257914630826268
2023-12-18 00:50:30,3030.0,0.07,0.05601021503309951,0.3551399259482239,0.3381580076936674,3.6748628838049364,3.003645462022114,0.09665878988561108,0.11258253078444923
2023-12-18 00:50:40,3040.0,0.07,0.055957254160506065,0.3541782281757977,0.3381662894127132,3.6748899759181213,3.0036287317270007,0.09639689945815774,0.11258591511017838
2023-12-18 00:50:50,3050.0,0.07,0.055904291695923564,0.3532165304033714,0.33817457113175897,3.6749170680313066,3.0036120064503065,0.0961350090307044,0.11258929928549932
2023-12-18 00:51:00,3060.0,0.07,0.05585132763942275,0.3522548326309452,0.3381828528508048,3.6749441601444914,3.003595286190478,0.09587311860325105,0.11259268331044818
2023-12-18 00:51:10,3070.0,0.07,0.05579836199107435,0.35129313485851893,0.3381911345698506,3.674971252257676,3.0035785709459626,0.09561122817579772,0.11259606718506426
2023-12-18 00:51:20,3080.0,0.07,0.05574539475094908,0.3503314370860927,0.33819941628889644,3.6749983443708607,3.0035618607152053,0.09534933774834438,0.11259945090938364
2023-12-18 00:51:30,3090.0,0.07,0.055692425919117605,0.34936973931366644,0.33820769800794226,3.675025436484046,3.0035451554966546,0.09508744732089103,0.1126028344834457
2023-12-18 00:51:40,3100.0,0.07,0.055639455495650615,0.34840804154124017,0.338215979726988,3.67505252859723,3.003528455288758,0.09482555689343769,0.11260621790728978
2023-12-18 00:51:50,3110.0,0.07,0.05558648348061875,0.34744634376881395,0.33822426144603385,3.6750796207104153,3.0035117600899626,0.09456366646598435,0.11260960118095194
2023-12-18 00:52:00,3120.0,0.07,0.05553350987409265,0.3464846459963877,0.33823254316507967,3.6751067128236,3.0034950698987153,0.094301776038531,0.11261298430447805
2023-12-18 00:52:10,3130.0,0.07,0.05548053467614292,0.34552294822396146,0.3382408248841255,3.6751338049367854,3.003478384713466,0.09403988561107765,0.11261636727790096
2023-12-18 00:52:20,3140.0,0.07,0.05542755788684016,0.3445612504515352,0.33824910660317126,3.6751608970499694,3.0034617045326626,0.09377799518362433,0.11261975010125998
2023-12-18 00:52:30,3150.0,0.07,0.055374579506254955,0.34359955267910897,0.3382573883222171,3.6751879891631547,3.003445029354753,0.09351610475617098,0.11262313277459444
2023-12-18 00:52:40,3160.0,0.07,0.05532159953445786,0.34263785490668275,0.3382656700412629,3.6752150812763396,3.0034283591781867,0.09325421432871764,0.11262651529794374
2023-12-18 00:52:50,3170.0,0.07,0.05526861797151941,0.3416761571342565,0.3382739517603087,3.675242173389524,3.0034116940014135,0.0929923239012643,0.11262989767134715
2023-12-18 00:53:00,3180.0,0.07,0.05521563481751015,0.3407144593618302,0.3382822334793545,3.675269265502709,3.003395033822882,0.09273043347381096,0.11263327989484404
2023-12-18 00:53:10,3190.0,0.07,0.05516265007250056,0.33975276158940393,0.3382905151984003,3.675296357615894,3.0033783786410426,0.09246854304635761,0.11263666196847046
2023-12-18 00:53:20,3200.0,0.07,0.05510966373656115,0.3387910638169777,0.33829879691744613,3.675323449729079,3.003361728454345,0.09220665261890428,0.1126400438922657
2023-12-18 00:53:30,3210.0,0.07,0.055056675809762375,0.33782936604455144,0.33830707863649195,3.6753505418422634,3.00334508326124,0.09194476219145094,0.11264342566626918
2023-12-18 00:53:40,3220.0,0.07,0.0550036862921747,0.33686766827212516,0.3383153603555378,3.6753776339554483,3.0033284430601777,0.0916828717639976,0.11264680729052345
2023-12-18 00:53:50,3230.0,0.07,0.05495069518386854,0.33590597049969895,0.33832364207458354,3.6754047260686327,3.0033118078496104,0.09142098133654425,0.11265018876505803
2023-12-18 00:54:00,3240.0,0.07,0.05489770248491432,0.33494427272727273,0.33833192379362936,3.675431818181818,3.0032951776279875,0.09115909090909091,0.11265357008991876
2023-12-18 00:54:10,3250.0,0.07,0.05484470819538244,0.33398257495484646,0.3383402055126752,3.675458910295003,3.003278552393761,0.09089720048163756,0.11265695126514504
2023-12-18 00:54:20,3260.0,0.07,0.05479171231534327,0.3330208771824202,0.338348487231721,3.6754860024081877,3.003261932145383,0.09063531005418422,0.11266033229077284
2023-12-18 00:54:30,3270.0,0.07,0.05473871484486718,0.33205917940999397,0.3383567689507668,3.675513094521373,3.003245316881306,0.09037341962673087,0.11266371316683822
2023-12-18 00:54:40,3280.0,0.07,0.05468571578402451,0.3310974816375677,0.3383650506698126,3.6755401866345574,3.0032287065999803,0.09011152919927755,0.1126670938933871
2023-12-18 00:54:50,3290.0,0.07,0.054632715132885576,0.3301357838651415,0.3383733323888584,3.6755672787477423,3.0032121012998605,0.0898496387718242,0.11267047447044892
2023-12-18 00:55:00,3300.0,0.07,0.05457971289152069,0.3291740860927152,0.33838161410790424,3.6755943708609267,3.0031955009793982,0.08958774834437086,0.11267385489807613
2023-12-18 00:55:10,3310.0,0.07,0.05452670906000015,0.328212388320289,0.33838989582695006,3.6756214629741115,3.003178905637048,0.08932585791691752,0.11267723517629165
2023-12-18 00:55:20,3320.0,0.07,0.05447370363839421,0.3272506905478627,0.3383981775459958,3.675648555087297,3.0031623152712617,0.08906396748946419,0.11268061530514793
2023-12-18 00:55:30,3330.0,0.07,0.054420696626773124,0.3262889927754365,0.33840645926504165,3.6756756472004817,3.0031457298804938,0.08880207706201085,0.1126839952846744
2023-12-18 00:55:40,3340.0,0.07,0.05436768802520714,0.3253272950030102,0.33841474098408747,3.6757027393136665,3.0031291494631986,0.0885401866345575,0.11268737511491371
2023-12-18 00:55:50,3350.0,0.07,0.05431467783376645,0.32436559723058395,0.3384230227031333,3.675729831426851,3.0031125740178286,0.08827829620710416,0.11269075479590183
2023-12-18 00:56:00,3360.0,0.07,0.05426166605252127,0.32340389945815773,0.33843130442217906,3.6757569235400362,3.0030960035428405,0.08801640577965081,0.11269413432768138
2023-12-18 00:56:10,3370.0,0.07,0.05420865268154177,0.32244220168573146,0.3384395861412249,3.675784015653221,3.0030794380366874,0.08775451535219747,0.1126975137102884
2023-12-18 00:56:20,3380.0,0.07,0.05415563772089812,0.3214805039133052,0.3384478678602707,3.6758111077664055,3.0030628774978254,0.08749262492474413,0.11270089294376215
2023-12-18 00:56:30,3390.0,0.07,0.05410262117066045,0.32051880614087896,0.3384561495793165,3.6758381998795904,3.0030463219247094,0.08723073449729078,0.11270427202814524
2023-12-18 00:56:40,3400.0,0.07,0.054049603030898896,0.3195571083684527,0.33846443129836234,3.6758652919927757,3.003029771315795,0.08696884406983744,0.11270765096346715
2023-12-18 00:56:50,3410.0,0.07,0.053996583301683554,0.3185954105960265,0.3384727130174081,3.6758923841059605,3.0030132256695374,0.08670695364238411,0.112711029749777
2023-12-18 00:57:00,3420.0,0.07,0.05394356198308452,0.31763371282360026,0.33848099473645393,3.675919476219145,3.0029966849843945,0.08644506321493076,0.11271440838710423
2023-12-18 00:57:10,3430.0,0.07,0.053890539075171856,0.316672015051174,0.33848927645549975,3.67594656833233,3.0029801492588213,0.08618317278747742,0.11271778687549475
2023-12-18 00:57:20,3440.0,0.07,0.053837514578015624,0.3157103172787477,0.3384975581745456,3.675973660445514,3.0029636184912754,0.08592128236002408,0.11272116521498453
2023-12-18 00:57:30,3450.0,0.07,0.05378448849168585,0.3147486195063215,0.33850583989359134,3.676000752558699,3.0029470926802126,0.08565939193257074,0.11272454340561286
2023-12-18 00:57:40,3460.0,0.07,0.05373146081625255,0.3137869217338952,0.33851412161263716,3.6760278446718844,3.002930571824091,0.0853975015051174,0.11272792144741907
2023-12-18 00:57:50,3470.0,0.07,0.053678431551785734,0.31282522396146895,0.338522403331683,3.6760549367850692,3.0029140559213685,0.08513561107766406,0.11273129934043917
2023-12-18 00:58:00,3480.0,0.07,0.05362540069835536,0.31186352618904273,0.3385306850507288,3.6760820288982545,3.002897544970502,0.08487372065021072,0.1127346770847124
2023-12-18 00:58:10,3490.0,0.07,0.05357236825603141,0.31090182841661645,0.33853896676977463,3.6761091210114385,3.00288103896995,0.08461183022275738,0.11273805468028464
2023-12-18 00:58:20,3500.0,0.07,0.053519334224883815,0.30994013064419024,0.3385472484888204,3.676136213124624,3.002864537918171,0.08434993979530403,0.11274143212718206
2023-12-18 00:58:30,3510.0,0.07,0.0534662986049825,0.30897843287176396,0.3385555302078662,3.676163305237808,3.0028480418136247,0.08408804936785069,0.1127448094254505
2023-12-18 00:58:40,3520.0,0.07,0.05341326139639737,0.30801673509933775,0.33856381192691204,3.676190397350993,3.0028315506547676,0.08382615894039734,0.11274818657512921
2023-12-18 00:58:50,3530.0,0.07,0.053360222599198315,0.30705503732691153,0.33857209364595786,3.676217489464178,3.002815064440061,0.083564268512944,0.11275156357625754
2023-12-18 00:59:00,3540.0,0.07,0.05330718221345521,0.30609333955448526,0.3385803753650036,3.6762445815773632,3.002798583167963,0.08330237808549067,0.11275494042887144
2023-12-18 00:59:10,3550.0,0.07,0.05325414023923791,0.305131641782059,0.33858865708404945,3.6762716736905476,3.0027821068369343,0.08304048765803733,0.11275831713301021
2023-12-18 00:59:20,3560.0,0.07,0.05320109667661624,0.3041699440096327,0.33859693880309527,3.6762987658037334,3.0027656354454346,0.08277859723058398,0.1127616936887131
2023-12-18 00:59:30,3570.0,0.07,0.05314805152566002,0.3032082462372065,0.3386052205221411,3.6763258579169174,3.0027491689919246,0.08251670680313064,0.11276507009601941
2023-12-18 00:59:40,3580.0,0.07,0.05309500478643905,0.3022465484647802,0.33861350224118686,3.6763529500301018,3.0027327074748635,0.0822548163756773,0.11276844635496838
2023-12-18 00:59:50,3590.0,0.07,0.0530419564590231,0.30128485069235394,0.3386217839602327,3.676380042143287,3.002716250892714,0.08199292594822397,0.11277182246559606
2023-12-18 01:00:00,3600.0,0.07,0.05298890654348194,0.3003231529199277,0.3386300656792785,3.676407134256472,3.002699799243937,0.08173103552077063,0.11277519842794495
2023-12-18 01:00:10,3610.0,0.07,0.05293585503988531,0.2993614551475015,0.3386383473983243,3.6764342263696563,3.0026833525269927,0.08146914509331728,0.11277857424204776
2023-12-18 01:00:20,3620.0,0.07,0.052882801948302936,0.29839975737507524,0.33864662911737015,3.676461318482842,3.002666910740344,0.08120725466586394,0.11278194990794704
2023-12-18 01:00:30,3630.0,0.07,0.05282974726880453,0.297438059602649,0.3386549108364159,3.6764884105960265,3.0026504738824515,0.08094536423841059,0.11278532542568538
2023-12-18 01:00:40,3640.0,0.07,0.05277669100145977,0.29647636183022275,0.33866319255546173,3.6765155027092113,3.00263404195178,0.08068347381095725,0.11278870079529218
2023-12-18 01:00:50,3650.0,0.07,0.052723633146338336,0.2955146640577965,0.33867147427450756,3.676542594822396,3.0026176149467902,0.08042158338350391,0.1127920760168165
2023-12-18 01:01:00,3660.0,0.07,0.052670573703509874,0.2945529662853702,0.3386797559935534,3.6765696869355806,3.0026011928659444,0.08015969295605056,0.11279545109028778
2023-12-18 01:01:10,3670.0,0.07,0.05261751267304402,0.293591268512944,0.33868803771259914,3.676596779048766,3.002584775707707,0.07989780252859723,0.11279882601575188
2023-12-18 01:01:20,3680.0,0.07,0.05256445005501039,0.2926295707405177,0.33869631943164497,3.6766238711619508,3.002568363470541,0.07963591210114389,0.11280220079324474
2023-12-18 01:01:30,3690.0,0.07,0.052511385849478585,0.2916678729680915,0.3387046011506908,3.676650963275135,3.0025519561529093,0.07937402167369054,0.11280557542280234
2023-12-18 01:01:40,3700.0,0.07,0.05245832005651818,0.2907061751956652,0.3387128828697366,3.67667805538832,3.0025355537532774,0.0791121312462372,0.1128089499044672
2023-12-18 01:01:50,3710.0,0.07,0.05240525267619875,0.289744477423239,0.33872116458878243,3.6767051475015053,3.0025191562701083,0.07885024081878386,0.11281232423827862
2023-12-18 01:02:00,3720.0,0.07,0.052352183708589815,0.2887827796508127,0.3387294463078282,3.67673223961469,3.002502763701867,0.07858835039133052,0.11281569842427253
2023-12-18 01:02:10,3730.0,0.07,0.05229911315376092,0.2878210818783865,0.338737728026874,3.6767593317278746,3.0024863760470177,0.07832645996387719,0.11281907246248488
2023-12-18 01:02:20,3740.0,0.07,0.05224604101178156,0.28685938410596024,0.33874600974591984,3.6767864238410595,3.002469993304026,0.07806456953642385,0.11282244635296154
2023-12-18 01:02:30,3750.0,0.07,0.052192967282721235,0.28589768633353396,0.33875429146496566,3.676813515954244,3.002453615471358,0.0778026791089705,0.11282582009573844
2023-12-18 01:02:40,3760.0,0.07,0.05213989196664941,0.28493598856110774,0.33876257318401143,3.6768406080674287,3.0024372425474777,0.07754078868151716,0.11282919369085154
2023-12-18 01:02:50,3770.0,0.07,0.052086815063635536,0.28397429078868147,0.33877085490305725,3.676867700180614,3.002420874530852,0.07727889825406381,0.11283256713834008
2023-12-18 01:03:00,3780.0,0.07,0.052033736573749045,0.28301259301625525,0.33877913662210307,3.676894792293799,3.0024045114199476,0.07701700782661047,0.11283594043824662
2023-12-18 01:03:10,3790.0,0.07,0.05198065649705936,0.28205089524382904,0.3387874183411489,3.676921884406984,3.0023881532132295,0.07675511739915714,0.11283931359060709
2023-12-18 01:03:20,3800.0,0.07,0.05192757483363588,0.28108919747140276,0.3387957000601947,3.676948976520168,3.0023717999091653,0.07649322697170378,0.11284268659545739
2023-12-18 01:03:30,3810.0,0.07,0.051874491583547976,0.2801274996989765,0.3388039817792405,3.6769760686333535,3.0023554515062214,0.07623133654425045,0.11284605945284344
2023-12-18 01:03:40,3820.0,0.07,0.05182140674686502,0.27916580192655027,0.3388122634982863,3.677003160746538,3.002339108002867,0.07596944611679711,0.11284943216279783
2023-12-18 01:03:50,3830.0,0.07,0.05176832032365635,0.278204104154124,0.3388205452173321,3.6770302528597227,3.0023227693975674,0.07570755568934377,0.11285280472536308
2023-12-18 01:04:00,3840.0,0.07,0.0517152323139913,0.2772424063816977,0.33882882693637795,3.6770573449729076,3.0023064356887916,0.07544566526189042,0.1128561771405719
2023-12-18 01:04:10,3850.0,0.07,0.05166214271793916,0.2762807086092715,0.3388371086554237,3.677084437086093,3.002290106875008,0.07518377483443708,0.11285954940847004
2023-12-18 01:04:20,3860.0,0.07,0.05160905153556923,0.27531901083684523,0.33884539037446954,3.6771115291992778,3.002273782954683,0.07492188440698375,0.11286292152909345
2023-12-18 01:04:30,3870.0,0.07,0.05155595876695079,0.274357313064419,0.33885367209351536,3.677138621312462,3.0022574639262882,0.07465999397953041,0.1128662935024814
2023-12-18 01:04:40,3880.0,0.07,0.05150286441215308,0.27339561529199274,0.3388619538125612,3.677165713425647,3.002241149788291,0.07439810355207706,0.11286966532866978
2023-12-18 01:04:50,3890.0,0.07,0.051449768471245334,0.2724339175195665,0.33887023553160694,3.6771928055388314,3.002224840539161,0.07413621312462372,0.11287303700769785
2023-12-18 01:05:00,3900.0,0.07,0.05139667094429677,0.27147221974714025,0.33887851725065277,3.6772198976520167,3.0022085361773674,0.07387432269717038,0.11287640853960809
2023-12-18 01:05:10,3910.0,0.07,0.0513435718313766,0.27051052197471404,0.3388867989696986,3.6772469897652016,3.0021922367013802,0.07361243226971705,0.11287977992443646
2023-12-18 01:05:20,3920.0,0.07,0.051290471132553986,0.26954882420228776,0.3388950806887444,3.6772740818783864,3.0021759421096696,0.0733505418422637,0.11288315116222217
2023-12-18 01:05:30,3930.0,0.07,0.051237368847898104,0.2685871264298615,0.33890336240779023,3.6773011739915717,3.002159652400707,0.07308865141481036,0.11288652225299788
2023-12-18 01:05:40,3940.0,0.07,0.05118426497747809,0.26762542865743527,0.338911644126836,3.677328266104756,3.0021433675729616,0.072826760987357,0.11288989319681264
2023-12-18 01:05:50,3950.0,0.07,0.051131159521363066,0.266663730885009,0.3389199258458818,3.677355358217941,3.0021270876249044,0.07256487055990367,0.11289326399370238
2023-12-18 01:06:00,3960.0,0.07,0.05107805247962215,0.2657020331125828,0.33892820756492764,3.6773824503311254,3.0021108125550073,0.07230298013245033,0.11289663464370306
2023-12-18 01:06:10,3970.0,0.07,0.05102494385232443,0.2647403353401565,0.33893648928397346,3.6774095424443103,3.0020945423617413,0.07204108970499698,0.11290000514685056
2023-12-18 01:06:20,3980.0,0.07,0.05097183363953897,0.2637786375677303,0.33894477100301923,3.6774366345574956,3.002078277043579,0.07177919927754364,0.11290337550318742
2023-12-18 01:06:30,3990.0,0.07,0.05091872184133483,0.262816939795304,0.33895305272206505,3.6774637266706804,3.0020620165989915,0.0715173088500903,0.11290674571275609
2023-12-18 01:06:40,4000.0,0.07,0.05086560845778104,0.26185524202287774,0.3389613344411109,3.677490818783865,3.0020457610264524,0.07125541842263697,0.11291011577558925
2023-12-18 01:06:50,4010.0,0.07,0.05081249348894662,0.2608935442504515,0.3389696161601567,3.6775179108970497,3.0020295103244328,0.07099352799518363,0.11291348569172607
2023-12-18 01:07:00,4020.0,0.07,0.050759376934900576,0.25993184647802525,0.3389778978792025,3.677545003010235,3.0020132644914064,0.0707316375677303,0.11291685546120905
2023-12-18 01:07:10,4030.0,0.07,0.05070625879571187,0.258970148705599,0.3389861795982483,3.677572095123419,3.0019970235258473,0.07046974714027694,0.11292022508407086
2023-12-18 01:07:20,4040.0,0.07,0.05065313907144948,0.25800845093317276,0.3389944613172941,3.6775991872366043,3.001980787426227,0.0702078567128236,0.11292359456035393
2023-12-18 01:07:30,4050.0,0.07,0.05060001776218234,0.25704675316074654,0.3390027430363399,3.677626279349789,3.0019645561910213,0.06994596628537025,0.11292696389009747
2023-12-18 01:07:40,4060.0,0.07,0.05054689486797939,0.25608505538832027,0.33901102475538575,3.6776533714629744,3.0019483298187026,0.06968407585791692,0.1129303330733407
2023-12-18 01:07:50,4070.0,0.07,0.05049377038890953,0.255123357615894,0.3390193064744315,3.6776804635761584,3.0019321083077464,0.06942218543046358,0.1129337021101195
2023-12-18 01:08:00,4080.0,0.07,0.05044064432504164,0.2541616598434678,0.33902758819347734,3.6777075556893437,3.0019158916566266,0.06916029500301023,0.1129370710004731
2023-12-18 01:08:10,4090.0,0.07,0.05038751667644461,0.25319996207104156,0.33903586991252316,3.6777346478025286,3.001899679863819,0.06889840457555689,0.11294043974444394
2023-12-18 01:08:20,4100.0,0.07,0.05033438744318728,0.2522382642986153,0.339044151631569,3.677761739915713,3.001883472927797,0.06863651414810355,0.11294380834206795
2023-12-18 01:08:30,4110.0,0.07,0.050281256625338486,0.251276566526189,0.3390524333506148,3.677788832028898,3.001867270847038,0.0683746237206502,0.11294717679337776
2023-12-18 01:08:40,4120.0,0.07,0.050228124222967054,0.25031486875376274,0.33906071506966057,3.677815924142083,3.001851073620017,0.06811273329319686,0.11295054509842238
2023-12-18 01:08:50,4130.0,0.07,0.050174990236141775,0.2493531709813365,0.3390689967887064,3.6778430162552675,3.0018348812452103,0.06785084286574353,0.11295391325723117
2023-12-18 01:09:00,4140.0,0.07,0.05012185466493144,0.24839147320891025,0.3390772785077522,3.6778701083684524,3.001818693721093,0.06758895243829019,0.11295728126984987
2023-12-18 01:09:10,4150.0,0.07,0.050068717509404795,0.24742977543648403,0.33908556022679803,3.6778972004816373,3.0018025110461437,0.06732706201083685,0.11296064913631763
2023-12-18 01:09:20,4160.0,0.07,0.0500155787696306,0.24646807766405776,0.3390938419458438,3.6779242925948226,3.0017863332188366,0.0670651715833835,0.11296401685666713
2023-12-18 01:09:30,4170.0,0.07,0.04996243844567757,0.24550637989163154,0.3391021236648896,3.677951384708007,3.001770160237652,0.06680328115593016,0.1129673844309408
2023-12-18 01:09:40,4180.0,0.07,0.04990929653761442,0.24454468211920527,0.33911040538393544,3.677978476821192,3.001753992101065,0.06654139072847683,0.11297075185917453
2023-12-18 01:09:50,4190.0,0.07,0.04985615304550984,0.243582984346779,0.33911868710298126,3.6780055689343767,3.0017378288075545,0.06627950030102348,0.11297411914140748
2023-12-18 01:10:00,4200.0,0.07,0.0498030079694325,0.24262128657435275,0.33912696882202703,3.678032661047561,3.0017216703555976,0.06601760987357014,0.11297748627768542
2023-12-18 01:10:10,4210.0,0.07,0.049749861309451054,0.24165958880192653,0.33913525054107285,3.6780597531607464,3.001705516743674,0.0657557194461168,0.11298085326803439
2023-12-18 01:10:20,4220.0,0.07,0.049696713065634134,0.2406978910295003,0.3391435322601187,3.6780868452739313,3.0016893679702603,0.06549382901866345,0.11298422011250668
2023-12-18 01:10:30,4230.0,0.07,0.049643563238050366,0.23973619325707402,0.3391518139791645,3.678113937387116,3.001673224033837,0.06523193859121011,0.11298758681112836
2023-12-18 01:10:40,4240.0,0.07,0.04959041182676834,0.2387744954846478,0.3391600956982103,3.6781410295003014,3.0016570849328827,0.06497004816375677,0.11299095336394509
2023-12-18 01:10:50,4250.0,0.07,0.04953725883185665,0.23781279771222147,0.3391683774172561,3.678168121613486,3.0016409506658768,0.06470815773630342,0.1129943197709961
2023-12-18 01:11:00,4260.0,0.07,0.04948410425338384,0.23685109993979525,0.3391766591363019,3.6781952137266707,3.0016248212312986,0.06444626730885009,0.11299768603231397
2023-12-18 01:11:10,4270.0,0.07,0.04943094809141847,0.23588940216736903,0.3391849408553477,3.678222305839855,3.0016086966276294,0.06418437688139675,0.11300105214794771
2023-12-18 01:11:20,4280.0,0.07,0.04937779034602906,0.2349277043949428,0.33919322257439355,3.67824939795304,3.0015925768533482,0.06392248645394341,0.11300441811792335
2023-12-18 01:11:30,4290.0,0.07,0.04932463101728412,0.23396600662251651,0.3392015042934393,3.6782764900662253,3.001576461906935,0.06366059602649007,0.11300778394228661
2023-12-18 01:11:40,4300.0,0.07,0.04927147010525214,0.2330043088500903,0.33920978601248514,3.67830358217941,3.0015603517868725,0.06339870559903674,0.11301114962107996
2023-12-18 01:11:50,4310.0,0.07,0.049218307610001594,0.23204261107766402,0.33921806773153096,3.678330674292595,3.0015442464916413,0.06313681517158339,0.11301451515433267
2023-12-18 01:12:00,4320.0,0.07,0.04916514353160093,0.23108091330523778,0.3392263494505768,3.6783577664057794,3.0015281460197216,0.06287492474413003,0.1130178805420905
2023-12-18 01:12:10,4330.0,0.07,0.049111977870118596,0.2301192155328115,0.3392346311696226,3.6783848585189647,3.001512050369596,0.0626130343166767,0.1130212457843893
2023-12-18 01:12:20,4340.0,0.07,0.049058810625623,0.2291575177603853,0.33924291288866837,3.6784119506321487,3.001495959539747,0.06235114388922336,0.1130246108812649
2023-12-18 01:12:30,4350.0,0.07,0.04900564179818254,0.22819581998795907,0.3392511946077142,3.678439042745334,3.0014798735286554,0.06208925346177001,0.1130279758327598
2023-12-18 01:12:40,4360.0,0.07,0.048952471387865605,0.2272341222155328,0.33925947632676,3.678466134858519,3.0014637923348055,0.06182736303431667,0.11303134063891311
2023-12-18 01:12:50,4370.0,0.07,0.04889929939474055,0.22627242444310652,0.33926775804580583,3.678493226971704,3.0014477159566795,0.06156547260686333,0.1130347052997607
2023-12-18 01:13:00,4380.0,0.07,0.04884612581887573,0.22531072667068028,0.3392760397648516,3.678520319084889,3.001431644392759,0.06130358217940999,0.11303806981534172
2023-12-18 01:13:10,4390.0,0.07,0.048792950660339465,0.224349028898254,0.3392843214838974,3.6785474111980734,3.0014155776415294,0.06104169175195665,0.11304143418569862
2023-12-18 01:13:20,4400.0,0.07,0.04873977391920006,0.2233873311258278,0.33929260320294324,3.6785745033112582,3.0013995157014737,0.060779801324503314,0.11304479841086719
2023-12-18 01:13:30,4410.0,0.07,0.048686595595525815,0.22242563335340154,0.33930088492198907,3.6786015954244426,3.0013834585710755,0.06051791089704996,0.11304816249088336
2023-12-18 01:13:40,4420.0,0.07,0.04863341568938499,0.22146393558097527,0.3393091666410349,3.6786286875376275,3.0013674062488196,0.060256020469596626,0.11305152642578624
2023-12-18 01:13:50,4430.0,0.07,0.04858023420084586,0.22050223780854905,0.33931744836008065,3.678655779650813,3.0013513587331895,0.05999413004214329,0.11305489021561826
2023-12-18 01:14:00,4440.0,0.07,0.04852705112997664,0.21954054003612278,0.3393257300791265,3.678682871763997,3.001335316022672,0.059732239614689944,0.11305825386041526
2023-12-18 01:14:10,4450.0,0.07,0.048473866476845553,0.2185788422636965,0.3393340117981723,3.678709963877183,3.0013192781157505,0.05947034918723661,0.11306161736021965
2023-12-18 01:14:20,4460.0,0.07,0.04842068024152081,0.2176171444912703,0.3393422935172181,3.678737055990367,3.0013032450109103,0.059208458759783256,0.11306498071506403
2023-12-18 01:14:30,4470.0,0.07,0.04836749242407058,0.21665544671884404,0.3393505752362639,3.6787641481035522,3.001287216706639,0.05894656833232992,0.11306834392499075
2023-12-18 01:14:40,4480.0,0.07,0.048314303024563035,0.21569374894641782,0.3393588569553097,3.6787912402167366,3.00127119320142,0.05868467790487658,0.11307170699003574
2023-12-18 01:14:50,4490.0,0.07,0.04826111204306631,0.21473205117399155,0.33936713867435553,3.6788183323299215,3.0012551744937417,0.05842278747742323,0.11307506991024137
2023-12-18 01:15:00,4500.0,0.07,0.048207919479648545,0.2137703534015653,0.33937542039340135,3.6788454244431064,3.00123916058209,0.05816089704996989,0.11307843268564345
2023-12-18 01:15:10,4510.0,0.07,0.04815472533437784,0.212808655629139,0.33938370211244717,3.6788725165562917,3.0012231514649503,0.057899006622516555,0.11308179531628443
2023-12-18 01:15:20,4520.0,0.07,0.04810152960732228,0.21184695785671276,0.33939198383149294,3.678899608669476,3.0012071471408115,0.05763711619506321,0.1130851578021936
2023-12-18 01:15:30,4530.0,0.07,0.04804833229854996,0.21088526008428654,0.33940026555053876,3.678926700782661,3.0011911476081607,0.05737522576760987,0.11308852014341987
2023-12-18 01:15:40,4540.0,0.07,0.04799513340812891,0.20992356231186032,0.3394085472695846,3.678953792895846,3.0011751528654846,0.057113335340156536,0.11309188233999586
2023-12-18 01:15:50,4550.0,0.07,0.04794193293612718,0.20896186453943405,0.3394168289886304,3.67898088500903,3.0011591629112724,0.056851444912703185,0.11309524439196392
2023-12-18 01:16:00,4560.0,0.07,0.047888730882612786,0.2080001667670078,0.33942511070767617,3.6790079771222155,3.001143177744011,0.05658955448524985,0.1130986062993599
2023-12-18 01:16:10,4570.0,0.07,0.04783552724765373,0.20703846899458153,0.339433392426722,3.6790350692354004,3.00112719736219,0.0563276640577965,0.11310196806221963
2023-12-18 01:16:20,4580.0,0.07,0.04778232203131798,0.20607677122215526,0.3394416741457678,3.679062161348585,3.0011112217642975,0.056065773630343166,0.11310532968058883
2023-12-18 01:16:30,4590.0,0.07,0.04772911523367352,0.20511507344972904,0.33944995586481364,3.6790892534617696,3.001095250948824,0.05580388320288983,0.11310869115450325
2023-12-18 01:16:40,4600.0,0.07,0.047675906854788286,0.2041533756773028,0.33945823758385946,3.679116345574955,3.0010792849142574,0.05554199277543648,0.1131120524839955
2023-12-18 01:16:50,4610.0,0.07,0.0476226968947302,0.20319167790487652,0.3394665193029052,3.67914343768814,3.0010633236590873,0.05528010234798314,0.11311541366911451
2023-12-18 01:17:00,4620.0,0.07,0.047569485353567184,0.2022299801324503,0.33947480102195104,3.679170529801324,3.0010473671818048,0.0550182119205298,0.11311877470989282
2023-12-18 01:17:10,4630.0,0.07,0.04751627223136712,0.20126828236002403,0.33948308274099687,3.679197621914509,3.0010314154808997,0.05475632149307645,0.11312213560636625
2023-12-18 01:17:20,4640.0,0.07,0.04746305752819788,0.2003065845875978,0.3394913644600427,3.6792247140276944,3.0010154685548622,0.054494431065623114,0.1131254963585772
2023-12-18 01:17:30,4650.0,0.07,0.04740984124412732,0.19934488681517154,0.33949964617908845,3.6792518061408783,3.0009995264021825,0.05423254063816978,0.11312885696656476
2023-12-18 01:17:40,4660.0,0.07,0.04735662337922328,0.1983831890427453,0.3395079278981343,3.6792788982540636,3.000983589021353,0.05397065021071643,0.11313221743037136
2023-12-18 01:17:50,4670.0,0.07,0.047303403933553576,0.19742149127031905,0.3395162096171801,3.6793059903672485,3.000967656410865,0.053708759783263095,0.11313557775002286
2023-12-18 01:18:00,4680.0,0.07,0.047250182907186015,0.19645979349789283,0.3395244913362259,3.679333082480434,3.00095172856921,0.05344686935580976,0.1131389379255716
2023-12-18 01:18:10,4690.0,0.07,0.04719696030018837,0.19549809572546656,0.3395327730552717,3.6793601745936177,3.0009358054948794,0.053184978928356406,0.11314229795704676
2023-12-18 01:18:20,4700.0,0.07,0.047143736112628405,0.19453639795304029,0.3395410547743175,3.679387266706803,3.0009198871863654,0.05292308850090307,0.11314565784449404
2023-12-18 01:18:30,4710.0,0.07,0.04709051034457387,0.19357470018061404,0.33954933649336333,3.6794143588199875,3.0009039736421617,0.05266119807344973,0.11314901758794263
2023-12-18 01:18:40,4720.0,0.07,0.0470372829960925,0.1926130024081878,0.33955761821240915,3.6794414509331723,3.0008880648607597,0.05239930764599639,0.11315237718743824
2023-12-18 01:18:50,4730.0,0.07,0.046984054067251986,0.19165130463576158,0.339565899931455,3.679468543046357,3.000872160840653,0.05213741721854305,0.11315573664301996
2023-12-18 01:19:00,4740.0,0.07,0.04693082355812003,0.1906896068633353,0.33957418165050074,3.6794956351595425,3.000856261580335,0.0518755267910897,0.11315909595472354
2023-12-18 01:19:10,4750.0,0.07,0.046877591468764315,0.18972790909090909,0.33958246336954656,3.6795227272727273,3.000840367078301,0.05161363636363636,0.11316245512258813
2023-12-18 01:19:20,4760.0,0.07,0.04682435779925248,0.1887662113184828,0.3395907450885924,3.6795498193859126,3.000824477333042,0.051351745936183024,0.1131658141466495
2023-12-18 01:19:30,4770.0,0.07,0.04677112254965216,0.18780451354605654,0.3395990268076382,3.6795769114990966,3.0008085923430547,0.05108985550872967,0.11316917302695327
2023-12-18 01:19:40,4780.0,0.07,0.046717885720030994,0.1868428157736303,0.33960730852668397,3.679604003612282,3.000792712106832,0.050827965081276336,0.11317253176353201
2023-12-18 01:19:50,4790.0,0.07,0.04666464731045656,0.18588111800120405,0.3396155902457298,3.6796310957254663,3.0007768366228698,0.05056607465382299,0.11317589035642477
2023-12-18 01:20:00,4800.0,0.07,0.04661140732099646,0.18491942022877783,0.3396238719647756,3.679658187838651,3.000760965889663,0.050304184226369654,0.11317924880567393
2023-12-18 01:20:10,4810.0,0.07,0.04655816575171824,0.18395772245635159,0.33963215368382144,3.679685279951836,3.0007450999057066,0.05004229379891632,0.11318260711131196
2023-12-18 01:20:20,4820.0,0.07,0.04650492260268946,0.18299602468392534,0.33964043540286726,3.6797123720650213,3.000729238669497,0.04978040337146297,0.11318596527338126
2023-12-18 01:20:30,4830.0,0.07,0.04645167787397764,0.18203432691149907,0.339648717121913,3.6797394641782057,3.000713382179529,0.04951851294400963,0.11318932329192087
2023-12-18 01:20:40,4840.0,0.07,0.046398431565650294,0.1810726291390728,0.33965699884095885,3.6797665562913906,3.0006975304343007,0.04925662251655629,0.1131926811669666
2023-12-18 01:20:50,4850.0,0.07,0.04634518367777491,0.18011093136664655,0.33966528056000467,3.679793648404575,3.000681683432307,0.048994732089102946,0.1131960388985608
2023-12-18 01:21:00,4860.0,0.07,0.04629193421041897,0.17914923359422033,0.3396735622790505,3.67982074051776,3.000665841172045,0.04873284166164961,0.11319939648673925
2023-12-18 01:21:10,4870.0,0.07,0.046238683163649916,0.17818753582179409,0.33968184399809626,3.679847832630945,3.0006500036520127,0.048470951234196265,0.11320275393154101
2023-12-18 01:21:20,4880.0,0.07,0.046185430537535196,0.1772258380493678,0.3396901257171421,3.67987492474413,3.000634170870707,0.04820906080674293,0.1132061112330019
2023-12-18 01:21:30,4890.0,0.07,0.04613217633214222,0.1762641402769416,0.3396984074361879,3.679902016857315,3.000618342826625,0.04794717037928958,0.1132094683911642
2023-12-18 01:21:40,4900.0,0.07,0.0460789205475384,0.17530244250451532,0.3397066891552337,3.6799291089705,3.0006025195182655,0.04768527995183624,0.11321282540607033
2023-12-18 01:21:50,4910.0,0.07,0.04602566318379111,0.17434074473208905,0.33971497087427954,3.6799562010836846,3.000586700944127,0.047423389524382895,0.11321618227774943
2023-12-18 01:22:00,4920.0,0.07,0.04597240424096771,0.17337904695966283,0.3397232525933253,3.6799832931968695,3.000570887102707,0.04716149909692956,0.11321953900624392
2023-12-18 01:22:10,4930.0,0.07,0.045919143719135566,0.17241734918723656,0.33973153431237113,3.680010385310054,3.000555077992506,0.04689960866947622,0.11322289559159278
2023-12-18 01:22:20,4940.0,0.07,0.04586588161836199,0.1714556514148103,0.33973981603141695,3.6800374774232387,3.0005392736120213,0.046637718242022876,0.11322625203383507
2023-12-18 01:22:30,4950.0,0.07,0.04581261793871429,0.1704939536423841,0.3397480977504628,3.680064569536424,3.000523473959753,0.04637582781456954,0.1132296083330099
2023-12-18 01:22:40,4960.0,0.07,0.04575935268025977,0.16953225586995782,0.33975637946950854,3.680091661649608,3.000507679034201,0.046113937387116194,0.11323296448915302
2023-12-18 01:22:50,4970.0,0.07,0.045706085843065694,0.16857055809753158,0.33976466118855436,3.6801187537627937,3.0004918888338663,0.04585204695966285,0.11323632050230673
2023-12-18 01:23:00,4980.0,0.07,0.04565281742719932,0.1676088603251053,0.3397729429076002,3.680145845875978,3.000476103357247,0.04559015653220951,0.11323967637250354
2023-12-18 01:23:10,4990.0,0.07,0.04559954743272789,0.16664716255267908,0.339781224626646,3.6801729379891635,3.000460322602846,0.04532826610475617,0.11324303209978577
2023-12-18 01:23:20,5000.0,0.07,0.04554627585971862,0.16568546478025284,0.33978950634569177,3.6802000301023474,3.0004445465691623,0.04506637567730283,0.11324638768419248
2023-12-18 01:23:30,5010.0,0.07,0.0454930027082387,0.1647237670078266,0.3397977880647376,3.6802271222155327,3.000428775254699,0.044804485249849486,0.11324974312576269
2023-12-18 01:23:40,5020.0,0.07,0.04543972797835534,0.16376206923540032,0.3398060697837834,3.6802542143287176,3.000413008657955,0.04454259482239615,0.11325309842453218
2023-12-18 01:23:50,5030.0,0.07,0.04538645167013568,0.16280037146297408,0.33981435150282924,3.680281306441903,3.000397246777434,0.0442807043949428,0.11325645358054
2023-12-18 01:24:00,5040.0,0.07,0.045333173783646874,0.1618386736905478,0.33982263322187506,3.680308398555087,3.0003814896116374,0.04401881396748946,0.11325980859382845
2023-12-18 01:24:10,5050.0,0.07,0.04527989431895606,0.16087697591812158,0.3398309149409208,3.680335490668272,3.0003657371590675,0.043756923540036116,0.11326316346443
2023-12-18 01:24:20,5060.0,0.07,0.045226613276130326,0.15991527814569534,0.33983919665996665,3.680362582781457,3.0003499894182273,0.04349503311258278,0.11326651819238696
2023-12-18 01:24:30,5070.0,0.07,0.04517333065523678,0.1589535803732691,0.33984747837901247,3.6803896748946414,3.0003342463876193,0.04323314268512944,0.11326987277773513
2023-12-18 01:24:40,5080.0,0.07,0.0451200464563425,0.15799188260084285,0.3398557600980583,3.6804167670078263,3.000318508065747,0.0429712522576761,0.11327322722052006
2023-12-18 01:24:50,5090.0,0.07,0.04506676067951453,0.1570301848284166,0.33986404181710406,3.6804438591210116,3.0003027744511135,0.04270936183022275,0.11327658152076768
2023-12-18 01:25:00,5100.0,0.07,0.04501347332481992,0.15606848705599033,0.3398723235361499,3.680470951234196,3.0002870455422226,0.04244747140276941,0.11327993567853015
2023-12-18 01:25:10,5110.0,0.07,0.04496018439232568,0.15510678928356408,0.3398806052551957,3.6804980433473817,3.0002713213375785,0.04218558097531607,0.1132832896938366
2023-12-18 01:25:20,5120.0,0.07,0.044906893882098814,0.1541450915111378,0.3398888869742415,3.6805251354605657,3.0002556018356854,0.04192369054786273,0.11328664356672938
2023-12-18 01:25:30,5130.0,0.07,0.044853601794206305,0.1531833937387116,0.33989716869328734,3.680552227573751,3.0002398870350486,0.04166180012040939,0.11328999729724752
2023-12-18 01:25:40,5140.0,0.07,0.04480030812871512,0.15222169596628535,0.3399054504123331,3.6805793196869354,3.0002241769341724,0.04139990969295605,0.11329335088542346
2023-12-18 01:25:50,5150.0,0.07,0.04474701288569221,0.1512599981938591,0.33991373213137893,3.6806064118001203,3.000208471531561,0.04113801926550271,0.11329670433130277
2023-12-18 01:26:00,5160.0,0.07,0.04469371606520449,0.15029830042143283,0.33992201385042475,3.6806335039133047,3.000192770825722,0.040876128838049364,0.11330005763492125
2023-12-18 01:26:10,5170.0,0.07,0.04464041766731888,0.14933660264900656,0.3399302955694706,3.6806605960264895,3.0001770748151606,0.040614238410596026,0.11330341079631787
2023-12-18 01:26:20,5180.0,0.07,0.044587117692102274,0.14837490487658034,0.33993857728851634,3.680687688139675,3.0001613834983827,0.04035234798314268,0.11330676381552508
2023-12-18 01:26:30,5190.0,0.07,0.04453381613962154,0.14741320710415412,0.33994685900756216,3.6807147802528597,3.000145696873893,0.04009045755568934,0.11331011669259175
2023-12-18 01:26:40,5200.0,0.07,0.04448051300994354,0.14645150933172785,0.339955140726608,3.6807418723660446,3.0001300149402006,0.039828567128236,0.11331346942755363
2023-12-18 01:26:50,5210.0,0.07,0.04442720830313511,0.1454898115593016,0.3399634224456538,3.680768964479229,3.0001143376958117,0.03956667670078266,0.11331682202044314
2023-12-18 01:27:00,5220.0,0.07,0.04437390201926306,0.14452811378687536,0.33997170416469963,3.6807960565924143,3.0000986651392325,0.03930478627332932,0.11332017447130256
2023-12-18 01:27:10,5230.0,0.07,0.04432059415839421,0.1435664160144491,0.3399799858837454,3.6808231487055982,3.0000829972689713,0.039042895845875975,0.11332352678017096
2023-12-18 01:27:20,5240.0,0.07,0.04426728472059534,0.14260471824202284,0.3399882676027912,3.6808502408187835,3.0000673340835364,0.03878100541842264,0.11332687894708726
2023-12-18 01:27:30,5250.0,0.07,0.0442139737059332,0.1416430204695966,0.33999654932183704,3.6808773329319684,3.0000516755814357,0.03851911499096929,0.11333023097208725
2023-12-18 01:27:40,5260.0,0.07,0.04416066111447455,0.14068132269717035,0.34000483104088286,3.6809044250451537,3.0000360217611766,0.03825722456351595,0.11333358285520993
2023-12-18 01:27:50,5270.0,0.07,0.04410734694628611,0.1397196249247441,0.3400131127599286,3.6809315171583386,3.0000203726212695,0.03799533413606261,0.11333693459649753
2023-12-18 01:28:00,5280.0,0.07,0.044054031201434606,0.13875792715231786,0.34002139447897445,3.680958609271523,3.0000047281602225,0.037733443708609274,0.11334028619597926
